$MeshFormat
4.1 0 8
$EndMeshFormat
$PhysicalNames
5
0 3 "bottom left corner"
1 4 "left side"
1 5 "right side"
2 1 "matrix"
2 2 "inclusion"
$EndPhysicalNames
$Entities
19 16 4 0
1 0 0 0 1 3 
2 5 0 0 0 
3 5 5 0 0 
4 0 5 0 0 
5 2 2 0 0 
6 3.2 2 0 0 
7 2 3.2 0 0 
8 0.8 2 0 0 
9 2 0.8 0 0 
10 4 4 0 0 
11 4.5 4 0 0 
12 4 4.5 0 0 
13 3.5 4 0 0 
14 4 3.5 0 0 
15 4 1 0 0 
16 4.3 1 0 0 
17 4 1.3 0 0 
18 3.7 1 0 0 
19 4 0.7 0 0 
1 0 0 0 5 0 0 0 2 1 -2 
2 5 0 0 5 5 0 1 5 2 2 -3 
3 0 5 0 5 5 0 0 2 3 -4 
4 0 0 0 0 5 0 1 4 2 4 -1 
5 2 2 0 3.2 3.2 0 0 2 6 -7 
6 0.7999999999999998 2 0 2 3.2 0 0 2 7 -8 
7 0.8 0.8 0 2 2 0 0 2 8 -9 
8 2 0.8 0 3.2 2 0 0 2 9 -6 
9 4 4 0 4.5 4.5 0 0 2 11 -12 
10 3.5 4 0 4 4.5 0 0 2 12 -13 
11 3.5 3.5 0 4 4 0 0 2 13 -14 
12 4 3.5 0 4.5 4 0 0 2 14 -11 
13 4 1 0 4.3 1.3 0 0 2 16 -17 
14 3.7 1 0 4 1.3 0 0 2 17 -18 
15 3.7 0.7000000000000002 0 4 1 0 0 2 18 -19 
16 4 0.7 0 4.3 1 0 0 2 19 -16 
1 0.7999999999999998 0.8 0 3.2 3.2 0 1 2 4 5 6 7 8 
2 3.5 3.5 0 4.5 4.5 0 1 2 4 9 10 11 12 
3 3.7 0.7 0 4.3 1.3 0 1 2 4 13 14 15 16 
4 0 0 0 5 5 0 1 1 16 1 2 3 4 -8 -7 -6 -5 -12 -11 -10 -9 -16 -15 -14 -13 
$EndEntities
$Nodes
36 3172 1 3172
0 1 0 1
1
0 0 0
0 2 0 1
2
5 0 0
0 3 0 1
3
5 5 0
0 4 0 1
4
0 5 0
0 6 0 1
5
3.2 2 0
0 7 0 1
6
2 3.2 0
0 8 0 1
7
0.8 2 0
0 9 0 1
8
2 0.8 0
0 11 0 1
9
4.5 4 0
0 12 0 1
10
4 4.5 0
0 13 0 1
11
3.5 4 0
0 14 0 1
12
4 3.5 0
0 16 0 1
13
4.3 1 0
0 17 0 1
14
4 1.3 0
0 18 0 1
15
3.7 1 0
0 19 0 1
16
4 0.7 0
1 1 0 49
17
18
19
20
21
22
23
24
25
26
27
28
29
30
31
32
33
34
35
36
37
38
39
40
41
42
43
44
45
46
47
48
49
50
51
52
53
54
55
56
57
58
59
60
61
62
63
64
65
0.09999999999992801 0 0
0.1999999999998339 0 0
0.2999999999997341 0 0
0.3999999999996642 0 0
0.4999999999995944 0 0
0.5999999999995169 0 0
0.6999999999992883 0 0
0.7999999999989964 0 0
0.8999999999987046 0 0
0.9999999999984126 0 0
1.099999999998121 0 0
1.199999999997829 0 0
1.299999999997537 0 0
1.399999999997245 0 0
1.499999999996953 0 0
1.599999999996661 0 0
1.699999999996369 0 0
1.799999999996078 0 0
1.899999999995786 0 0
1.999999999995511 0 0
2.099999999995594 0 0
2.199999999995746 0 0
2.299999999995897 0 0
2.39999999999605 0 0
2.499999999996201 0 0
2.599999999996353 0 0
2.699999999996505 0 0
2.799999999996658 0 0
2.899999999996809 0 0
2.999999999996961 0 0
3.099999999997114 0 0
3.199999999997265 0 0
3.299999999997417 0 0
3.399999999997569 0 0
3.49999999999772 0 0
3.599999999997873 0 0
3.699999999998025 0 0
3.799999999998176 0 0
3.899999999998329 0 0
3.99999999999848 0 0
4.099999999998632 0 0
4.199999999998784 0 0
4.299999999998937 0 0
4.399999999999088 0 0
4.49999999999924 0 0
4.599999999999392 0 0
4.699999999999544 0 0
4.799999999999696 0 0
4.899999999999848 0 0
1 2 0 49
66
67
68
69
70
71
72
73
74
75
76
77
78
79
80
81
82
83
84
85
86
87
88
89
90
91
92
93
94
95
96
97
98
99
100
101
102
103
104
105
106
107
108
109
110
111
112
113
114
5 0.09999999999992801 0
5 0.1999999999998339 0
5 0.2999999999997341 0
5 0.3999999999996642 0
5 0.4999999999995944 0
5 0.5999999999995169 0
5 0.6999999999992883 0
5 0.7999999999989964 0
5 0.8999999999987046 0
5 0.9999999999984126 0
5 1.099999999998121 0
5 1.199999999997829 0
5 1.299999999997537 0
5 1.399999999997245 0
5 1.499999999996953 0
5 1.599999999996661 0
5 1.699999999996369 0
5 1.799999999996078 0
5 1.899999999995786 0
5 1.999999999995511 0
5 2.099999999995594 0
5 2.199999999995746 0
5 2.299999999995897 0
5 2.39999999999605 0
5 2.499999999996201 0
5 2.599999999996353 0
5 2.699999999996505 0
5 2.799999999996658 0
5 2.899999999996809 0
5 2.999999999996961 0
5 3.099999999997114 0
5 3.199999999997265 0
5 3.299999999997417 0
5 3.399999999997569 0
5 3.49999999999772 0
5 3.599999999997873 0
5 3.699999999998025 0
5 3.799999999998176 0
5 3.899999999998329 0
5 3.99999999999848 0
5 4.099999999998632 0
5 4.199999999998784 0
5 4.299999999998937 0
5 4.399999999999088 0
5 4.49999999999924 0
5 4.599999999999392 0
5 4.699999999999544 0
5 4.799999999999696 0
5 4.899999999999848 0
1 3 0 49
115
116
117
118
119
120
121
122
123
124
125
126
127
128
129
130
131
132
133
134
135
136
137
138
139
140
141
142
143
144
145
146
147
148
149
150
151
152
153
154
155
156
157
158
159
160
161
162
163
4.899999999999999 5 0
4.8 5 0
4.699999999999999 5 0
4.6 5 0
4.499999999999999 5 0
4.399999999999999 5 0
4.299999999999999 5 0
4.199999999999999 5 0
4.099999999999999 5 0
3.999999999999998 5 0
3.899999999999998 5 0
3.799999999999998 5 0
3.699999999999998 5 0
3.599999999999997 5 0
3.499999999999996 5 0
3.399999999999997 5 0
3.299999999999997 5 0
3.199999999999997 5 0
3.099999999999997 5 0
2.999999999999997 5 0
2.899999999999997 5 0
2.799999999999997 5 0
2.699999999999998 5 0
2.599999999999997 5 0
2.499999999999998 5 0
2.399999999999998 5 0
2.299999999999998 5 0
2.199999999999998 5 0
2.099999999999998 5 0
1.999999999999998 5 0
1.899999999999999 5 0
1.799999999999998 5 0
1.699999999999998 5 0
1.599999999999999 5 0
1.499999999999999 5 0
1.399999999999999 5 0
1.299999999999998 5 0
1.199999999999999 5 0
1.099999999999999 5 0
0.9999999999999991 5 0
0.8999999999999995 5 0
0.7999999999999989 5 0
0.6999999999999993 5 0
0.5999999999999996 5 0
0.4999999999999991 5 0
0.3999999999999995 5 0
0.3000000000000007 5 0
0.1999999999999993 5 0
0.09999999999999964 5 0
1 4 0 49
164
165
166
167
168
169
170
171
172
173
174
175
176
177
178
179
180
181
182
183
184
185
186
187
188
189
190
191
192
193
194
195
196
197
198
199
200
201
202
203
204
205
206
207
208
209
210
211
212
0 4.899999999999999 0
0 4.8 0
0 4.699999999999999 0
0 4.6 0
0 4.499999999999999 0
0 4.399999999999999 0
0 4.299999999999999 0
0 4.199999999999999 0
0 4.099999999999999 0
0 3.999999999999998 0
0 3.899999999999998 0
0 3.799999999999998 0
0 3.699999999999998 0
0 3.599999999999997 0
0 3.499999999999996 0
0 3.399999999999997 0
0 3.299999999999997 0
0 3.199999999999997 0
0 3.099999999999997 0
0 2.999999999999997 0
0 2.899999999999997 0
0 2.799999999999997 0
0 2.699999999999998 0
0 2.599999999999997 0
0 2.499999999999998 0
0 2.399999999999998 0
0 2.299999999999998 0
0 2.199999999999998 0
0 2.099999999999998 0
0 1.999999999999998 0
0 1.899999999999999 0
0 1.799999999999998 0
0 1.699999999999998 0
0 1.599999999999999 0
0 1.499999999999999 0
0 1.399999999999999 0
0 1.299999999999998 0
0 1.199999999999999 0
0 1.099999999999999 0
0 0.9999999999999991 0
0 0.8999999999999995 0
0 0.7999999999999989 0
0 0.6999999999999993 0
0 0.5999999999999996 0
0 0.4999999999999991 0
0 0.3999999999999995 0
0 0.3000000000000007 0
0 0.1999999999999993 0
0 0.09999999999999964 0
1 5 0 18
213
214
215
216
217
218
219
220
221
222
223
224
225
226
227
228
229
230
3.19590139160844 2.09909521456154 0
3.183633564050012 2.197513508536165 0
3.163280318987825 2.294582585119325 0
3.134980689767841 2.389639363840612 0
3.098927991435205 2.482034510839408 0
3.055368500753324 2.571136872927744 0
3.004599772938325 2.656337791241878 0
2.946968609826313 2.737055257089739 0
2.88286869094731 2.812737887971875 0
2.812737883959011 2.882868694641411 0
2.737055253289166 2.946968612784417 0
2.65633778795815 3.004599775083691 0
2.571136869928267 3.05536850237656 0
2.482034508187207 3.098927992598568 0
2.38963936187622 3.134980690442218 0
2.294582583582583 3.163280319376981 0
2.197513507746405 3.1836335641818 0
2.099095214302444 3.195901391629909 0
1 6 0 18
231
232
233
234
235
236
237
238
239
240
241
242
243
244
245
246
247
248
1.900904785127522 3.195901391582675 0
1.802486491164151 3.183633564000004 0
1.705417414762792 3.163280318957973 0
1.610360636069247 3.134980689736895 0
1.517965489264499 3.098927991480783 0
1.428863127196417 3.055368500820516 0
1.343662208939512 3.004599773056833 0
1.262944743129334 2.946968609996824 0
1.187262112281168 2.882868691180252 0
1.117131305558007 2.812737884175637 0
1.053031387359523 2.737055253474101 0
0.9954002250703429 2.656337788193917 0
0.9446314977025523 2.571136870074453 0
0.9010720074398131 2.482034508274707 0
0.8650193095834739 2.389639361951057 0
0.8367196806165673 2.294582583557105 0
0.8163664358138498 2.197513507720335 0
0.8040986083700303 2.099095214301712 0
1 7 0 18
249
250
251
252
253
254
255
256
257
258
259
260
261
262
263
264
265
266
0.8040986084195407 1.900904785100789 0
0.8163664360095422 1.802486491106946 0
0.8367196810897162 1.705417414574472 0
0.8650193103324595 1.610360635867224 0
0.9010720086765789 1.517965488905752 0
0.9446314994314728 1.428863126730782 0
0.9954002272332432 1.343662208495518 0
1.053031390287166 1.262944742764464 0
1.117131309188149 1.187262111880977 0
1.187262116158202 1.117131305250687 0
1.26294474659901 1.053031387302619 0
1.343662211929673 0.9954002249895983 0
1.428863129834244 0.9446314977519636 0
1.5179654917739 0.9010720074184924 0
1.610360638060802 0.8650193095794032 0
1.705417416263016 0.8367196806621189 0
1.802486492235016 0.8163664358213005 0
1.900904785800525 0.8040986083615589 0
1 8 0 18
267
268
269
270
271
272
273
274
275
276
277
278
279
280
281
282
283
284
2.099095214643588 0.8040986083983592 0
2.197513508654806 0.8163664359697855 0
2.294582585186042 0.8367196810290702 0
2.389639364165548 0.8650193103437103 0
2.482034510892136 0.9010720085879245 0
2.571136873030058 0.9446314993020462 0
2.656337791258894 0.9954002270727929 0
2.737055257041942 1.053031390136486 0
2.812737887935299 1.11713130901902 0
2.882868694590474 1.187262115985657 0
2.946968612658336 1.262944746548845 0
3.004599775038576 1.343662211972796 0
3.05536850215482 1.428863129661995 0
3.098927992538932 1.517965491676837 0
3.134980690403879 1.610360638012106 0
3.163280319339276 1.705417416268523 0
3.183633564174299 1.802486492208642 0
3.195901391638108 1.900904785796505 0
1 9 0 7
285
286
287
288
289
290
291
4.490392640138747 4.09754516132412 0
4.461939765783315 4.191341717322846 0
4.415734805350231 4.277785117708644 0
4.35355338946942 4.353553391717127 0
4.277785115653704 4.415734806723298 0
4.191341715241248 4.461939766645541 0
4.097545160122023 4.49039264037786 0
1 10 0 7
292
293
294
295
296
297
298
3.90245483871916 4.490392640147357 0
3.808658283041977 4.46193976593443 0
3.722214882534632 4.415734805512783 0
3.6464466083919 4.353553389578448 0
3.584265193303196 4.277785115693356 0
3.538060233397573 4.191341715345335 0
3.509607359628879 4.097545160155901 0
1 11 0 7
299
300
301
302
303
304
305
3.509607359863409 3.902454838665038 0
3.538060234025762 3.808658283138082 0
3.584265194367768 3.722214882713399 0
3.646446610021694 3.646446608791759 0
3.722214884072312 3.584265193459772 0
3.808658283972171 3.538060233680271 0
3.902454839213111 3.50960735975439 0
1 12 0 7
306
307
308
309
310
311
312
4.097545161316096 3.509607359859656 0
4.191341717203775 3.538060234167364 0
4.277785117339064 3.584265194402823 0
4.353553391486887 3.64644661030034 0
4.415734806545776 3.722214884080614 0
4.4619397662977 3.80865828391899 0
4.490392640258856 3.902454839279704 0
1 13 0 4
313
314
315
316
4.285316954691379 1.092705098919302 0
4.24270509773018 1.176335576489215 0
4.176335574963248 1.24270509883886 0
4.09270509804676 1.285316954974885 0
1 14 0 4
317
318
319
320
3.907294900959618 1.285316954652038 0
3.823664423905178 1.242705098016724 0
3.757294901427832 1.176335575330319 0
3.714683045037342 1.092705098084392 0
1 15 0 4
321
322
323
324
3.714683045129253 0.9072949016327374 0
3.757294901744297 0.8236644242341059 0
3.823664424345636 0.7572949016632654 0
3.907294901510727 0.7146830451688964 0
1 16 0 4
325
326
327
328
4.092705098841958 0.7146830452834904 0
4.176335576155087 0.7572949020270616 0
4.242705098315882 0.8236644243169357 0
4.285316954816347 0.9072949014653102 0
2 1 0 514
329
330
331
332
333
334
335
336
337
338
339
340
341
342
343
344
345
346
347
348
349
350
351
352
353
354
355
356
357
358
359
360
361
362
363
364
365
366
367
368
369
370
371
372
373
374
375
376
377
378
379
380
381
382
383
384
385
386
387
388
389
390
391
392
393
394
395
396
397
398
399
400
401
402
403
404
405
406
407
408
409
410
411
412
413
414
415
416
417
418
419
420
421
422
423
424
425
426
427
428
429
430
431
432
433
434
435
436
437
438
439
440
441
442
443
444
445
446
447
448
449
450
451
452
453
454
455
456
457
458
459
460
461
462
463
464
465
466
467
468
469
470
471
472
473
474
475
476
477
478
479
480
481
482
483
484
485
486
487
488
489
490
491
492
493
494
495
496
497
498
499
500
501
502
503
504
505
506
507
508
509
510
511
512
513
514
515
516
517
518
519
520
521
522
523
524
525
526
527
528
529
530
531
532
533
534
535
536
537
538
539
540
541
542
543
544
545
546
547
548
549
550
551
552
553
554
555
556
557
558
559
560
561
562
563
564
565
566
567
568
569
570
571
572
573
574
575
576
577
578
579
580
581
582
583
584
585
586
587
588
589
590
591
592
593
594
595
596
597
598
599
600
601
602
603
604
605
606
607
608
609
610
611
612
613
614
615
616
617
618
619
620
621
622
623
624
625
626
627
628
629
630
631
632
633
634
635
636
637
638
639
640
641
642
643
644
645
646
647
648
649
650
651
652
653
654
655
656
657
658
659
660
661
662
663
664
665
666
667
668
669
670
671
672
673
674
675
676
677
678
679
680
681
682
683
684
685
686
687
688
689
690
691
692
693
694
695
696
697
698
699
700
701
702
703
704
705
706
707
708
709
710
711
712
713
714
715
716
717
718
719
720
721
722
723
724
725
726
727
728
729
730
731
732
733
734
735
736
737
738
739
740
741
742
743
744
745
746
747
748
749
750
751
752
753
754
755
756
757
758
759
760
761
762
763
764
765
766
767
768
769
770
771
772
773
774
775
776
777
778
779
780
781
782
783
784
785
786
787
788
789
790
791
792
793
794
795
796
797
798
799
800
801
802
803
804
805
806
807
808
809
810
811
812
813
814
815
816
817
818
819
820
821
822
823
824
825
826
827
828
829
830
831
832
833
834
835
836
837
838
839
840
841
842
2.910242864530336 1.351998005453508 0
1.089627136305779 2.657516679225905 0
1.355563207197463 1.078727376504191 0
2.648254565575816 2.898938395657403 0
1.776327645460533 3.093835037744451 0
3.089392655382408 2.22842161957675 0
0.9029459454394475 1.758284018320357 0
2.225726827526688 0.9092045656522059 0
2.221881842231761 3.089530343546596 0
0.905342981723626 2.230802434828715 0
3.097945894259646 1.769879880397826 0
1.782385639162041 0.9185499458366384 0
1.353213527179898 2.90588081576597 0
2.650515183439668 1.088609742389628 0
2.909172342126348 2.64654149406456 0
1.09368417994563 1.358210805130565 0
0.9994761649013292 2.496476189473832 0
2.403925621529777 0.9618109547676392 0
3.11388758543962 2.055029981748217 0
0.8878682774021694 1.954001891549316 0
2.042927688333691 0.8849229564349537 0
2.472384788695567 2.993125393900901 0
1.958392625967242 3.113215192844411 0
3.029297889303695 2.405201927647592 0
1.51113793371816 2.999983337062491 0
1.512837039175699 0.9960984524413239 0
1.210485975465161 2.780772586491513 0
0.9657952004734232 1.598252865843304 0
2.787068230938546 1.212931772556945 0
3.002080218378108 1.512802468143488 0
2.797593099307305 2.787637981354902 0
1.210119381547756 1.21799127766369 0
0.8835154917556665 2.050904649188217 0
0.969487730978227 2.007386306006477 0
0.9756251062695948 1.908649210271313 0
1.058300477046733 1.96313845901621 0
1.06601643709358 1.864270408942742 0
1.147331666753704 1.918767756172347 0
1.141158383214957 2.017748635650692 0
1.229892643978672 1.97335207607416 0
1.235786465742125 1.874348466987343 0
1.318534205938152 1.928945020260939 0
1.312652900137143 2.027950239756555 0
1.401330307765334 1.983544235115861 0
1.40721449302255 1.884539034426665 0
1.490012326825604 1.939138344201708 0
1.484127015697085 2.038143513972111 0
1.572810221149241 1.993737661165682 0
1.578695492484604 1.894732489629897 0
1.661493805937812 1.949331821511153 0
1.655608576097448 2.048336995129839 0
1.744292175025995 2.003931155486326 0
1.750177391613659 1.904925981994859 0
1.832975773798187 1.95952531632528 0
1.827090556923053 2.058530489707834 0
1.915774160088778 2.014124650812165 0
1.92165937741299 1.915119477454926 0
2.004457763849933 1.969718811955471 0
1.998572546385454 2.068723985288621 0
2.087256150278483 2.024318146449835 0
2.010342981278807 1.870713638607174 0
2.081370932818 2.123323319775764 0
2.170054536746584 2.078917480933645 0
2.164169319286203 2.177922654257384 0
2.075485715364128 2.22232849307914 0
2.252852923209764 2.133516815427471 0
2.258738140679672 2.034511642098187 0
2.15828410181838 2.27692782756136 0
2.069600497911182 2.32133366637827 0
2.341536527149093 2.089110976594773 0
2.347421744618743 1.990105803266593 0
2.152398884354409 2.375933000856798 0
2.063715280445034 2.420338839672603 0
2.430220131089796 2.044705137760739 0
2.436105348552674 1.945699964438669 0
2.424334913624664 2.143710311099682 0
2.146513666892655 2.474938174151457 0
2.057830062984817 2.51934401297023 0
1.975031676519636 2.464744678492934 0
2.513018517575541 2.099304472258332 0
2.507133300114394 2.198309645618598 0
1.969146459069471 2.563749851803003 0
1.886348072584217 2.509150517324772 0
2.140628449434435 2.573943347433414 0
2.22931205331372 2.529537508628978 0
1.880462855134315 2.608155690647614 0
1.797664468644099 2.553556356162544 0
2.353306962086958 1.891100629950677 0
2.441990566021856 1.846694791124999 0
2.359192179560596 1.792095456635835 0
2.447875783523481 1.74768961780789 0
2.365077397020099 1.693090283320235 0
2.530674169946958 1.802288952300769 0
2.453761001001558 1.648684444479342 0
2.370962614472479 1.594085109977965 0
2.595816904083653 2.153903806765964 0
2.589931686621402 2.252908980142046 0
2.459646218441109 1.549679271133068 0
2.37684783193413 1.495079936613935 0
2.288164227953839 1.53948577547224 0
2.294049445416607 1.440480602086859 0
2.205365841416062 1.48488644093757 0
2.211251058878726 1.385881267567846 0
2.122567454891338 1.430287106402409 0
2.12845267234026 1.331281933066245 0
2.039769068391484 1.375687771897412 0
2.223426835848792 2.628542681886653 0
2.312110439727398 2.584136843086828 0
1.79177925118917 2.652561529484495 0
1.708980864717245 2.597962194997463 0
1.714866082170865 2.498957021694716 0
1.626182478261018 2.543362860513699 0
2.033883850927163 1.474692945217951 0
1.951085464458261 1.42009361071546 0
1.95697068189616 1.321088437409937 0
1.868287078006557 1.365494276239111 0
1.862401860545324 1.464499449515217 0
1.779603474107504 1.409900115033044 0
1.773718256639311 1.508905288344152 0
1.690919870209437 1.454305953830212 0
2.134743231990016 2.67294852069035 0
2.542444605018653 1.604278605650906 0
1.632067695585749 2.444357687421288 0
1.543384091796053 2.488763526066562 0
1.785488691570512 1.310894941776999 0
1.874577637672586 2.707160863983466 0
2.678615290605491 2.208503141275319 0
2.684500508056496 2.109497967905348 0
2.672730073145602 2.307508314655769 0
2.299934662837623 1.34147542874517 0
2.465531435958264 1.450674097806506 0
2.217541618388548 2.727547855133979 0
2.128858014541163 2.771953693925115 0
1.620297260785615 2.642368033809103 0
1.785894033722203 2.751566702820494 0
1.68503465274286 1.553311127124708 0
1.602236266318033 1.498711792632906 0
1.608121483782917 1.399706619353538 0
1.519437879898193 1.4441124581399 0
1.513552662408097 1.543117631433938 0
1.430754275975044 1.488518296923566 0
1.54926930909594 2.38975835303144 0
1.460585705360624 2.434164191631052 0
1.720751298995348 2.399951848973513 0
2.584046469154681 2.351914153522249 0
1.454700487922566 2.533169364832255 0
1.371902101514288 2.478570030373199 0
1.377787318978462 2.379564857150571 0
2.666844855676257 2.406513488039113 0
1.856516643122593 1.563504622888778 0
2.199480623963955 1.583891614334199 0
2.767298894589727 2.164097302413024 0
2.773184112045744 2.065092129040211 0
1.424869058475108 1.587523470248361 0
1.342070672016195 1.532924135722593 0
2.317995657194598 2.485131669818935 0
2.578161251680368 2.450919326898061 0
1.986802111423312 2.266734331906374 0
1.868692420207404 2.806166037290573 0
2.660959638183839 2.505518661411476 0
2.572276034238263 2.549924500258066 0
1.525323097392936 1.345107284881155 0
1.289103715124677 2.42397069592901 0
1.294988932394824 2.3249655230293 0
2.749643242180401 2.461112822577812 0
2.211656400933484 2.826553028348159 0
2.300340004751255 2.782147189571073 0
2.122972797094968 2.870958867147747 0
2.855982498572941 2.119691463546248 0
2.861867716029405 2.020686290188916 0
2.779069329520921 1.96608695568894 0
2.867752933475611 1.921681116851918 0
2.784954547008555 1.867081782367601 0
2.84834551611958 2.218592505824015 0
1.336185454517452 1.631929309068338 0
1.253387068036964 1.577329974526372 0
1.507667444916835 1.64212280477726 0
1.927544594778766 1.816114304099459 0
1.383672535095539 2.280559684676581 0
2.270508575622774 1.836501295456496 0
2.418449696150594 2.242715484462413 0
2.016228198718351 1.771708465255401 0
1.366016884039791 2.577575203603207 0
1.347955889521748 1.433918962388945 0
1.206305328726335 2.369371361536926 0
1.212190545983555 2.270366188657628 0
1.78000881625386 2.850571876167039 0
2.873638150919407 1.822675943542404 0
2.790839764474331 1.768076609073851 0
2.879523368373805 1.723670770264808 0
2.796724981937053 1.669071435797254 0
2.294454787302574 2.881152362749742 0
1.123506942346022 2.314772027120167 0
2.384486648417823 2.837635598714777 0
2.655074420701602 2.604523834751081 0
2.566203228288585 2.648555037993152 0
1.862807202748731 2.905171210685852 0
1.129392118910803 2.215766915954991 0
1.247501850546912 1.67633514791923 0
2.708041378037423 1.713477274605047 0
2.713926595496166 1.614472101324136 0
2.802610199396273 1.570066262519872 0
2.719811812957071 1.51546692804949 0
1.614006701246982 1.300701446103738 0
1.531208314882507 1.24610211166605 0
1.619891918708319 1.201696272914071 0
2.696270942986303 1.911487621226183 0
2.389248318124876 2.737889529931953 0
2.241082488257493 2.331527162045107 0
1.448815270460276 2.632174538071197 0
1.442524711041711 1.290507950408781 0
1.892233290030067 2.41014534402104 0
1.697210429742445 2.795972541660967 0
1.691325212273447 2.894977715035108 0
1.608526825780193 2.840378380486491 0
2.495362865159526 2.396319992363268 0
2.473940985242681 2.792320713515225 0
1.20042011129712 2.468376534679698 0
1.164703464035762 1.621735813344423 0
1.360673276406015 2.675759040467916 0
1.443020321284072 2.731042821932784 0
1.170588681545462 1.522730639950293 0
1.278160054670942 2.620727261571409 0
2.954032929215173 1.877500070020019 0
1.158818246543962 1.720740986764088 0
1.218075556790119 2.171361058447534 0
1.330300236883157 1.7309344827597 0
2.483561165395618 2.594267899676092 0
1.933429812222451 1.717109130753377 0
1.844746208247527 1.761514969598464 0
2.022113416130066 1.672703291890091 0
2.10491180263662 1.7273026264121 0
2.04017441066638 2.816359532744687 0
2.034289193225646 2.915364705982045 0
2.942955690103958 2.075183951735601 0
2.648908182799618 2.700205049637302 0
2.115939567474658 2.967671327070158 0
2.729230568578751 2.654611425628475 0
2.805218227130574 1.471842996562353 0
2.725697030425595 1.416461754772152 0
2.63701342647719 1.460867593549258 0
2.642898643961949 1.361862420245562 0
1.53879089736735 1.150486773008798 0
1.62775739534327 1.10664590667721 0
1.708905565722168 1.157949568648371 0
1.71682891620177 1.063014783185176 0
1.797708829579327 1.113782704835548 0
0.9673524279646634 2.100473401189588 0
1.076019860014128 1.666141652164853 0
1.046157066057394 2.249657057466446 0
1.026549096022033 2.343226826774625 0
1.34907494135202 2.782791248425486 0
2.380881678641558 2.937251344711362 0
1.629954192785738 1.011777978901625 0
2.282251393289899 2.994770733932332 0
2.019377310085746 3.02635421098659 0
2.122188396573503 3.058776326977966 0
1.438776776495486 2.837848639119469 0
2.740321884620239 1.30304760249069 0
2.644275550659504 1.263105930783932 0
2.559348872337877 1.307304533022904 0
2.564553350009396 1.209962850396095 0
2.476937952573411 1.252954815384519 0
2.481446815072804 1.156176379660629 0
2.394152785708187 1.19853256094271 0
2.402678657882481 1.104826193947527 0
2.312028307313749 1.144504264554191 0
2.491102738118216 1.07163258689356 0
2.331230418670601 1.040405160495269 0
2.231568704437936 1.090005458329911 0
2.223519027522061 1.188234069767136 0
2.140749695022922 1.133522062980498 0
2.149911486260791 1.040692060194863 0
2.058382011236839 1.080255590814466 0
2.051786816293114 1.177983061142418 0
1.968941883958899 1.123392919965618 0
1.977313981387732 1.02864731593702 0
1.602640133928801 2.941372020573648 0
1.683866619552035 2.988738040182133 0
1.802626881994351 1.015314003296636 0
2.899828319028773 1.51751914146311 0
1.050421176952903 2.154409100586526 0
2.385932690473608 3.040565845896116 0
2.472219585408674 2.89194393823832 0
2.560252135010338 2.844451105809942 0
1.07075906769875 1.762839660378164 0
1.052756441438495 2.061340662284485 0
1.153388086158243 1.819384600113683 0
1.223969330193375 2.072354872968937 0
1.395444781973161 2.082549391035398 0
1.4782417305604 2.137148684795267 0
1.566925012557984 2.092742837144157 0
1.649723356718081 2.147342169906026 0
1.561039815238924 2.191748010690071 0
1.64383814288427 2.246347343409654 0
1.732521735446701 2.201941504698155 0
1.324425109683983 1.829940190504548 0
1.38955811664715 2.181554522512465 0
2.400788832879624 2.539720597836006 0
1.495897296152949 1.840133162755374 0
1.584580677561004 1.795727315236847 0
1.50178228571953 1.741127980500853 0
1.939315029613581 1.618103957379912 0
2.625242991560549 1.658877940143946 0
2.619357774053752 1.757883113447809 0
1.119144080959197 2.406718805950258 0
1.109506395912758 2.510463427647259 0
1.197693707647826 2.561641312262962 0
1.28388276238244 2.521810173069914 0
2.489471568400143 2.495313024683575 0
2.116682237449922 1.529292279735049 0
1.696805087664768 1.355300780574047 0
2.394940198443281 2.638748733171573 0
1.962930579364875 1.222186674977129 0
1.590465851672677 1.696722140172256 0
1.673264231788038 1.751321474481314 0
1.679149440982416 1.652316300770089 0
1.761947825025873 1.706915635222885 0
1.76783304070811 1.607910461766951 0
2.948155237426719 1.976199298215518 0
3.032167427205664 1.922172344791862 0
1.450951747115645 1.196579083342693 0
1.361689698401454 1.240227329260872 0
1.457157317725482 1.095506976327419 0
2.9549807917643 1.778816901646544 0
2.974565759793242 1.67442178432166 0
2.885549846814797 1.623360279743361 0
1.436639493501209 1.389513123646247 0
2.501248082641853 2.297314819006343 0
2.412564478644343 2.341720657779466 0
1.850631426490022 1.662509796268394 0
2.205771183511364 2.925558201535858 0
2.246967705736743 2.232521988743759 0
2.524788952476559 1.901294125613624 0
2.61347255646684 1.856888286770273 0
2.60758733899101 1.955893460080756 0
2.536559387548055 1.703283778975873 0
2.690385725520249 2.010492794561794 0
2.045692618338579 1.276731294618736 0
1.756062607965662 1.805920808587935 0
1.41310054374308 1.785533915759579 0
1.241703332593064 1.775280645841432 0
2.05194484554644 2.618349186253597 0
1.963261241638164 2.662755025118828 0
1.838860991872958 1.860520142988571 0
1.90988894261434 2.113129824142592 0
1.821205338882142 2.157535663579833 0
2.548329822471312 1.505273432331141 0
2.335651309674722 2.188116149927889 0
2.093141367751211 1.925312973109118 0
2.282279010515764 1.638490948816911 0
2.099026585203883 1.826307799760509 0
2.306267902547358 2.683168805463676 0
1.418984170709194 1.686528660519015 0
1.904003725096401 2.212134997651378 0
2.187710189137222 1.781901960950412 0
1.614412043295934 2.741373207101352 0
1.80354968599449 2.454551182952319 0
1.809434902994937 2.355546010139614 0
2.32976609217748 2.287121323239235 0
1.703095647248052 2.696967368304873 0
2.264623358147069 1.935506468776155 0
2.518903735034433 2.000299298930241 0
1.537498874362405 2.587768699308798 0
1.667379034558463 1.850326648573668 0
2.235197270781311 2.4305323353368 0
2.323880874687188 2.386126496540199 0
1.596351053173487 1.59771696615186 0
1.992687328950273 2.167729158640644 0
2.741064289329204 2.55929153438226 0
2.825765366003925 2.515806825827014 0
2.837214135772735 2.416722761868281 0
2.923210260263681 2.474951548399302 0
2.927086138116036 2.365550187505303 0
3.006197402016772 2.306051891980881 0
2.755343007939469 2.362110278879337 0
1.259272285561167 1.478324801192607 0
1.26567558244004 1.379756678258527 0
2.181824971678791 1.880907134275541 0
2.175939754213634 1.97991230760708 0
1.945200247024396 1.519098784033281 0
2.84196459211344 2.316458232442068 0
1.354264340034083 1.335742028684338 0
2.702156160560031 1.812482447891509 0
2.933916560873147 2.173143670575439 0
3.032256191188468 2.132002794220222 0
1.957376024173672 2.761760198384417 0
1.771403677092121 2.943794611591994 0
1.846863273859687 3.008432064780439 0
2.601702121529236 2.054898633424862 0
1.702745312299211 1.256405463099656 0
2.382733049419759 1.396074763283031 0
1.980916893958841 2.365739505199263 0
2.760716229085551 2.262878295914922 0
1.874184742078995 1.266506338126318 0
1.078524379912285 1.564992328635527 0
1.091652293277176 1.466880974113721 0
0.9855886404888003 1.711666138311147 0
1.177804831132423 1.421796595206627 0
2.046059628092639 2.717354359519498 0
2.631128208996823 1.55987276684148 0
1.466470922068555 2.335159019305384 0
1.951490806706767 2.86076537167455 0
1.531628701585789 2.686751057667138 0
1.791425366651496 1.211992072685222 0
1.520653679842697 2.887630289972986 0
2.276393793071688 1.737496122133891 0
2.134556184302416 1.232438085970391 0
1.880189021956157 1.167723244536428 0
1.898118507473563 2.31114017097888 0
1.940616174263629 2.95886539214564 0
1.738406955234687 2.102936329397737 0
2.193595406573672 1.682896787623457 0
2.027998633527782 1.57369811854868 0
2.110797020028185 1.628297453050062 0
2.217136276297562 1.286876094247311 0
2.554089809121236 1.406275166908494 0
2.406678771263718 2.440724852857826 0
1.886434757736812 1.069722295359611 0
2.477751928509553 2.693225136054178 0
2.305898221088382 1.242782001367773 0
2.471209897710276 1.351725494392596 0
2.388517905926227 1.297203819047154 0
1.526169724714028 2.787504066046703 0
1.893929743372683 0.9635842000845251 0
1.815320120680303 2.256540837376449 0
1.637952914388116 2.345352515212534 0
1.306762472428044 2.126955072683667 0
1.555154540329543 2.290753181627212 0
1.300874693223205 2.225960341667862 0
1.726636519231612 2.300946676634986 0
1.472356276656685 2.236153850601163 0
1.135962167916775 2.115496874315527 0
1.187564493326481 2.664302902710991 0
2.559380068937881 2.745687033641987 0
2.817181600258457 1.374171103929321 0
2.075632702229 0.9757036360365476 0
1.600381895119411 3.038876103809002 0
1.276768943605425 1.285546906373192 0
1.18944752675375 1.323134138404951 0
1.2784476275706 2.718320733480074 0
1.438477608720716 2.941091456465226 0
2.563430955429468 2.948071185177803 0
2.644187037010992 2.797533218574746 0
2.313227336220135 0.9400406463078692 0
1.001011537103394 1.49926994891051 0
2.818893380733333 2.626101121405933 0
2.964461922834679 2.56906710466863 0
1.274917941818998 2.849687558111919 0
2.856983883564336 2.720007497008579 0
0.8964936164124564 1.855752750746999 0
1.043946591958292 2.579103697347333 0
1.868974013422389 3.105353673286058 0
2.724332338640705 1.14478242720035 0
1.948803940640494 0.8808737611847852 0
2.134849538592553 0.8916738995833704 0
0.9266648227245571 2.321843625196601 0
1.280952722043759 1.141022787949447 0
2.962774706709264 1.426310799401858 0
3.040791257141054 1.596862569968898 0
3.111233554046222 1.863146494248279 0
2.847441981266064 1.282059224494161 0
3.074146429372528 1.680212753565834 0
0.9608546500905384 2.410834037313093 0
1.674438071046208 0.92580006325957 0
3.014253312918117 2.500478392896535 0
3.029729813989027 2.02222733351706 0
2.727004534394033 2.842087838585843 0
2.924899179423076 2.269831672709737 0
0.9829048022337715 1.810243697828454 0
1.865702120242152 0.8766945902577616 0
2.572055693816793 1.033306257770076 0
2.236688981389373 0.9975487686976732 0
3.12301427753379 2.142412623728579 0
3.113819962053107 1.960580156683653 0
2.056774123351568 3.121693067346426 0
1.688307739565553 3.073140438977489 0
2.189606476616237 3.007261386612582 0
0.8914649139750284 2.143411191999795 0
2.564323556192369 1.122538291257636 0
3.029024239015915 1.82451453241057 0
1.13156805960299 2.730477061215629 0
2.644995866818077 1.17852123319137 0
2.960415472267893 1.585112973118206 0
2.879049143531482 1.42836840936203 0
3.08642740600454 2.323443453249195 0
2.999913453775013 2.222161080825973 0
2.722207530317428 2.742258820371267 0
1.024393840849429 1.418664909233974 0
1.553299368479508 1.072103217471275 0
2.310084223203788 3.084413541523806 0
1.132721454530001 1.267088416983441 0
1.928342244316648 3.038494657059935 0
1.419616581172512 1.022072905602899 0
1.992414047399616 0.9475198565617137 0
1.586265827650527 0.9396901849416285 0
2.49039334416992 0.9906871892281321 0
2.164561907199681 0.9629645860329319 0
2.885396347899902 2.572152991124927 0
1.732244712355126 0.9830432796360061 0
0.9719433027620763 2.188114324431572 0
2.71020234168791 1.219972857842617 0
0.9086377664094261 1.675567958474059 0
3.024395985364959 1.738173978137522 0
1.36987770206539 1.162009399681176 0
2.141044395924296 3.134348301916873 0
1.045502991361286 2.432241892451407 0
1.753492226429304 3.019132443434478 0
1.290661792113443 1.215283936002816 0
1.125487798409302 2.59120149687596 0
2.423866156074199 1.033872417066425 0
0.9753314538579375 2.266728853739592 0
2.784981692500231 2.706123369153831 0
1.278231621551695 2.782893031627248 0
2 2 0 91
843
844
845
846
847
848
849
850
851
852
853
854
855
856
857
858
859
860
861
862
863
864
865
866
867
868
869
870
871
872
873
874
875
876
877
878
879
880
881
882
883
884
885
886
887
888
889
890
891
892
893
894
895
896
897
898
899
900
901
902
903
904
905
906
907
908
909
910
911
912
913
914
915
916
917
918
919
920
921
922
923
924
925
926
927
928
929
930
931
932
933
3.578412356318882 4.040687946888165 0
4.403585930281379 3.957717473378361 0
4.044954530985255 4.419090863617759 0
3.962256887979024 3.582594811594719 0
4.325166900220163 4.27209306076842 0
3.751461554485624 4.301984822872065 0
4.253596848399104 3.686880837300082 0
3.68097315217678 3.738181431323442 0
4.387183537223815 4.114551021441039 0
4.119802527470967 3.605063996632067 0
3.874524090807869 4.400239973342641 0
3.807631835853934 3.641658040985726 0
4.365751796860845 3.805769140596365 0
3.597650960852031 3.886933556705177 0
4.194537340650332 4.36388876294154 0
3.636024893897809 4.19454874653692 0
4.377110126807517 4.203976949744008 0
4.290909235702149 4.179773944880094 0
4.298433676830064 4.068796194310554 0
4.211295860799446 4.109320128548686 0
4.224407378506767 4.010566241915486 0
4.134522279120309 4.047992038699228 0
4.147736170957277 3.950823287497461 0
4.05735702301383 3.988194076122241 0
4.044246068560168 4.085099346752939 0
3.96675842421721 4.025495194187418 0
3.97976095420952 3.928375880418155 0
3.889144632339513 3.965714774619091 0
3.953798267743291 4.122657374116656 0
3.902127039815435 3.868566234187762 0
3.992753323496331 3.831227707102171 0
4.031008310556876 4.182166655535483 0
3.811503385269741 3.905906482534427 0
3.798529895397589 4.003062776736101 0
3.94113280135162 4.219310603347676 0
3.863243987403483 4.159936049476896 0
3.915706527877505 3.772867776805096 0
4.006720159484385 3.737235900823118 0
4.083385243156591 3.793890320037213 0
4.193806337176412 4.206182433880056 0
4.237063863168573 3.914782350994524 0
4.016454722832465 4.273831858003488 0
3.724075743583888 3.943674495008029 0
3.851473022483144 4.253675431809068 0
3.775990200187187 4.193068806748663 0
3.715010425118654 4.040314266204219 0
3.728857841884865 3.833366024236043 0
3.827071692098986 3.808636361255978 0
3.876171390727793 4.062847055522824 0
3.788197563433079 4.098314859583319 0
4.070330514578081 3.891036037718481 0
4.160668331260089 3.853914475673291 0
4.263649788636071 3.804296408735935 0
4.172160416216538 3.751181351925791 0
4.312235814568549 3.97450702245179 0
4.120341417254532 4.145470653802741 0
4.096994366074746 3.700983115958286 0
4.1024847579491 4.239770506602666 0
3.926745930204589 4.322056049250163 0
3.918842159370205 3.670264601325047 0
4.093262593395293 4.334944850682721 0
3.846550569476034 3.728997615532501 0
3.693868912520831 4.134799856713232 0
4.329482195927053 3.88748638913524 0
4.240724328792618 4.276747861279843 0
4.023435447527928 3.648665059508253 0
4.172226421121872 3.670107541129679 0
3.797676056662941 4.378521472889526 0
4.427134262478896 4.042069053360199 0
4.410592372719115 3.874630609488446 0
3.957337270303411 4.413781335549939 0
3.63429970842309 3.812860428099537 0
3.879968801277689 3.588437009468031 0
3.668223152895091 4.272282220364946 0
3.567156486238645 3.962663153635688 0
3.593465226404772 4.124116846749343 0
3.724153422860851 3.672422514370271 0
4.330457326385736 3.733121576202667 0
3.769206419058575 3.737210331283994 0
4.12432826807883 4.414051376853084 0
4.042400978238627 3.569495644728112 0
3.643843694269415 3.977557641305873 0
4.163341375930626 4.287816152305614 0
4.004206215704031 4.352217418712502 0
4.28004405990468 4.340513351008611 0
3.846722641861294 4.330021984268578 0
3.645974093673929 4.068445702614048 0
4.206455240527683 3.611999050547741 0
3.670763684869767 3.889374736700392 0
3.7047869642042 4.217223541754248 0
4.360878887172838 4.028007655010417 0
2 3 0 34
934
935
936
937
938
939
940
941
942
943
944
945
946
947
948
949
950
951
952
953
954
955
956
957
958
959
960
961
962
963
964
965
966
967
4.034319854755974 1.215229426384266 0
3.962955433155256 0.7816744314764984 0
3.776384520193703 1.029775821568894 0
4.22091676021563 0.9626609238911292 0
3.90085032760738 1.194089929760262 0
4.092815975450032 0.8200387529707985 0
4.191584908275241 1.097617387160381 0
3.808415091358657 0.9023826132461512 0
3.962945631239335 1.233952074911483 0
3.974846949964237 1.155242581360323 0
3.908009132724731 1.101791396327327 0
3.987087781818367 1.062736067832813 0
3.917960869145593 1.011403690522042 0
3.997368212157567 0.9693286630716745 0
4.064233497059406 1.024995411408984 0
4.076788511889588 0.9251222529013272 0
3.910815460552783 0.9196554224856431 0
4.048868993203062 1.121412658714772 0
4.004147557371584 0.8700095318486952 0
4.172471830653647 0.8815615506417334 0
3.837903643922318 1.144282316993067 0
4.107958768921468 1.184728167316545 0
4.149584285448703 0.9959159154060302 0
4.037286523979718 0.7645821538209138 0
4.22948058172619 1.029779865075368 0
3.891790293224294 0.7876264928109418 0
3.767155115508115 0.9624778201983381 0
3.839341582154395 0.9791423667330648 0
3.854660528491189 0.8397877369264337 0
4.120675289764193 1.084553718909718 0
3.846981980552863 1.057855935713859 0
4.175659444027643 1.163917518610987 0
3.785402482076655 1.100597269711919 0
3.931934477431946 0.8450588921881559 0
2 4 0 2205
968
969
970
971
972
973
974
975
976
977
978
979
980
981
982
983
984
985
986
987
988
989
990
991
992
993
994
995
996
997
998
999
1000
1001
1002
1003
1004
1005
1006
1007
1008
1009
1010
1011
1012
1013
1014
1015
1016
1017
1018
1019
1020
1021
1022
1023
1024
1025
1026
1027
1028
1029
1030
1031
1032
1033
1034
1035
1036
1037
1038
1039
1040
1041
1042
1043
1044
1045
1046
1047
1048
1049
1050
1051
1052
1053
1054
1055
1056
1057
1058
1059
1060
1061
1062
1063
1064
1065
1066
1067
1068
1069
1070
1071
1072
1073
1074
1075
1076
1077
1078
1079
1080
1081
1082
1083
1084
1085
1086
1087
1088
1089
1090
1091
1092
1093
1094
1095
1096
1097
1098
1099
1100
1101
1102
1103
1104
1105
1106
1107
1108
1109
1110
1111
1112
1113
1114
1115
1116
1117
1118
1119
1120
1121
1122
1123
1124
1125
1126
1127
1128
1129
1130
1131
1132
1133
1134
1135
1136
1137
1138
1139
1140
1141
1142
1143
1144
1145
1146
1147
1148
1149
1150
1151
1152
1153
1154
1155
1156
1157
1158
1159
1160
1161
1162
1163
1164
1165
1166
1167
1168
1169
1170
1171
1172
1173
1174
1175
1176
1177
1178
1179
1180
1181
1182
1183
1184
1185
1186
1187
1188
1189
1190
1191
1192
1193
1194
1195
1196
1197
1198
1199
1200
1201
1202
1203
1204
1205
1206
1207
1208
1209
1210
1211
1212
1213
1214
1215
1216
1217
1218
1219
1220
1221
1222
1223
1224
1225
1226
1227
1228
1229
1230
1231
1232
1233
1234
1235
1236
1237
1238
1239
1240
1241
1242
1243
1244
1245
1246
1247
1248
1249
1250
1251
1252
1253
1254
1255
1256
1257
1258
1259
1260
1261
1262
1263
1264
1265
1266
1267
1268
1269
1270
1271
1272
1273
1274
1275
1276
1277
1278
1279
1280
1281
1282
1283
1284
1285
1286
1287
1288
1289
1290
1291
1292
1293
1294
1295
1296
1297
1298
1299
1300
1301
1302
1303
1304
1305
1306
1307
1308
1309
1310
1311
1312
1313
1314
1315
1316
1317
1318
1319
1320
1321
1322
1323
1324
1325
1326
1327
1328
1329
1330
1331
1332
1333
1334
1335
1336
1337
1338
1339
1340
1341
1342
1343
1344
1345
1346
1347
1348
1349
1350
1351
1352
1353
1354
1355
1356
1357
1358
1359
1360
1361
1362
1363
1364
1365
1366
1367
1368
1369
1370
1371
1372
1373
1374
1375
1376
1377
1378
1379
1380
1381
1382
1383
1384
1385
1386
1387
1388
1389
1390
1391
1392
1393
1394
1395
1396
1397
1398
1399
1400
1401
1402
1403
1404
1405
1406
1407
1408
1409
1410
1411
1412
1413
1414
1415
1416
1417
1418
1419
1420
1421
1422
1423
1424
1425
1426
1427
1428
1429
1430
1431
1432
1433
1434
1435
1436
1437
1438
1439
1440
1441
1442
1443
1444
1445
1446
1447
1448
1449
1450
1451
1452
1453
1454
1455
1456
1457
1458
1459
1460
1461
1462
1463
1464
1465
1466
1467
1468
1469
1470
1471
1472
1473
1474
1475
1476
1477
1478
1479
1480
1481
1482
1483
1484
1485
1486
1487
1488
1489
1490
1491
1492
1493
1494
1495
1496
1497
1498
1499
1500
1501
1502
1503
1504
1505
1506
1507
1508
1509
1510
1511
1512
1513
1514
1515
1516
1517
1518
1519
1520
1521
1522
1523
1524
1525
1526
1527
1528
1529
1530
1531
1532
1533
1534
1535
1536
1537
1538
1539
1540
1541
1542
1543
1544
1545
1546
1547
1548
1549
1550
1551
1552
1553
1554
1555
1556
1557
1558
1559
1560
1561
1562
1563
1564
1565
1566
1567
1568
1569
1570
1571
1572
1573
1574
1575
1576
1577
1578
1579
1580
1581
1582
1583
1584
1585
1586
1587
1588
1589
1590
1591
1592
1593
1594
1595
1596
1597
1598
1599
1600
1601
1602
1603
1604
1605
1606
1607
1608
1609
1610
1611
1612
1613
1614
1615
1616
1617
1618
1619
1620
1621
1622
1623
1624
1625
1626
1627
1628
1629
1630
1631
1632
1633
1634
1635
1636
1637
1638
1639
1640
1641
1642
1643
1644
1645
1646
1647
1648
1649
1650
1651
1652
1653
1654
1655
1656
1657
1658
1659
1660
1661
1662
1663
1664
1665
1666
1667
1668
1669
1670
1671
1672
1673
1674
1675
1676
1677
1678
1679
1680
1681
1682
1683
1684
1685
1686
1687
1688
1689
1690
1691
1692
1693
1694
1695
1696
1697
1698
1699
1700
1701
1702
1703
1704
1705
1706
1707
1708
1709
1710
1711
1712
1713
1714
1715
1716
1717
1718
1719
1720
1721
1722
1723
1724
1725
1726
1727
1728
1729
1730
1731
1732
1733
1734
1735
1736
1737
1738
1739
1740
1741
1742
1743
1744
1745
1746
1747
1748
1749
1750
1751
1752
1753
1754
1755
1756
1757
1758
1759
1760
1761
1762
1763
1764
1765
1766
1767
1768
1769
1770
1771
1772
1773
1774
1775
1776
1777
1778
1779
1780
1781
1782
1783
1784
1785
1786
1787
1788
1789
1790
1791
1792
1793
1794
1795
1796
1797
1798
1799
1800
1801
1802
1803
1804
1805
1806
1807
1808
1809
1810
1811
1812
1813
1814
1815
1816
1817
1818
1819
1820
1821
1822
1823
1824
1825
1826
1827
1828
1829
1830
1831
1832
1833
1834
1835
1836
1837
1838
1839
1840
1841
1842
1843
1844
1845
1846
1847
1848
1849
1850
1851
1852
1853
1854
1855
1856
1857
1858
1859
1860
1861
1862
1863
1864
1865
1866
1867
1868
1869
1870
1871
1872
1873
1874
1875
1876
1877
1878
1879
1880
1881
1882
1883
1884
1885
1886
1887
1888
1889
1890
1891
1892
1893
1894
1895
1896
1897
1898
1899
1900
1901
1902
1903
1904
1905
1906
1907
1908
1909
1910
1911
1912
1913
1914
1915
1916
1917
1918
1919
1920
1921
1922
1923
1924
1925
1926
1927
1928
1929
1930
1931
1932
1933
1934
1935
1936
1937
1938
1939
1940
1941
1942
1943
1944
1945
1946
1947
1948
1949
1950
1951
1952
1953
1954
1955
1956
1957
1958
1959
1960
1961
1962
1963
1964
1965
1966
1967
1968
1969
1970
1971
1972
1973
1974
1975
1976
1977
1978
1979
1980
1981
1982
1983
1984
1985
1986
1987
1988
1989
1990
1991
1992
1993
1994
1995
1996
1997
1998
1999
2000
2001
2002
2003
2004
2005
2006
2007
2008
2009
2010
2011
2012
2013
2014
2015
2016
2017
2018
2019
2020
2021
2022
2023
2024
2025
2026
2027
2028
2029
2030
2031
2032
2033
2034
2035
2036
2037
2038
2039
2040
2041
2042
2043
2044
2045
2046
2047
2048
2049
2050
2051
2052
2053
2054
2055
2056
2057
2058
2059
2060
2061
2062
2063
2064
2065
2066
2067
2068
2069
2070
2071
2072
2073
2074
2075
2076
2077
2078
2079
2080
2081
2082
2083
2084
2085
2086
2087
2088
2089
2090
2091
2092
2093
2094
2095
2096
2097
2098
2099
2100
2101
2102
2103
2104
2105
2106
2107
2108
2109
2110
2111
2112
2113
2114
2115
2116
2117
2118
2119
2120
2121
2122
2123
2124
2125
2126
2127
2128
2129
2130
2131
2132
2133
2134
2135
2136
2137
2138
2139
2140
2141
2142
2143
2144
2145
2146
2147
2148
2149
2150
2151
2152
2153
2154
2155
2156
2157
2158
2159
2160
2161
2162
2163
2164
2165
2166
2167
2168
2169
2170
2171
2172
2173
2174
2175
2176
2177
2178
2179
2180
2181
2182
2183
2184
2185
2186
2187
2188
2189
2190
2191
2192
2193
2194
2195
2196
2197
2198
2199
2200
2201
2202
2203
2204
2205
2206
2207
2208
2209
2210
2211
2212
2213
2214
2215
2216
2217
2218
2219
2220
2221
2222
2223
2224
2225
2226
2227
2228
2229
2230
2231
2232
2233
2234
2235
2236
2237
2238
2239
2240
2241
2242
2243
2244
2245
2246
2247
2248
2249
2250
2251
2252
2253
2254
2255
2256
2257
2258
2259
2260
2261
2262
2263
2264
2265
2266
2267
2268
2269
2270
2271
2272
2273
2274
2275
2276
2277
2278
2279
2280
2281
2282
2283
2284
2285
2286
2287
2288
2289
2290
2291
2292
2293
2294
2295
2296
2297
2298
2299
2300
2301
2302
2303
2304
2305
2306
2307
2308
2309
2310
2311
2312
2313
2314
2315
2316
2317
2318
2319
2320
2321
2322
2323
2324
2325
2326
2327
2328
2329
2330
2331
2332
2333
2334
2335
2336
2337
2338
2339
2340
2341
2342
2343
2344
2345
2346
2347
2348
2349
2350
2351
2352
2353
2354
2355
2356
2357
2358
2359
2360
2361
2362
2363
2364
2365
2366
2367
2368
2369
2370
2371
2372
2373
2374
2375
2376
2377
2378
2379
2380
2381
2382
2383
2384
2385
2386
2387
2388
2389
2390
2391
2392
2393
2394
2395
2396
2397
2398
2399
2400
2401
2402
2403
2404
2405
2406
2407
2408
2409
2410
2411
2412
2413
2414
2415
2416
2417
2418
2419
2420
2421
2422
2423
2424
2425
2426
2427
2428
2429
2430
2431
2432
2433
2434
2435
2436
2437
2438
2439
2440
2441
2442
2443
2444
2445
2446
2447
2448
2449
2450
2451
2452
2453
2454
2455
2456
2457
2458
2459
2460
2461
2462
2463
2464
2465
2466
2467
2468
2469
2470
2471
2472
2473
2474
2475
2476
2477
2478
2479
2480
2481
2482
2483
2484
2485
2486
2487
2488
2489
2490
2491
2492
2493
2494
2495
2496
2497
2498
2499
2500
2501
2502
2503
2504
2505
2506
2507
2508
2509
2510
2511
2512
2513
2514
2515
2516
2517
2518
2519
2520
2521
2522
2523
2524
2525
2526
2527
2528
2529
2530
2531
2532
2533
2534
2535
2536
2537
2538
2539
2540
2541
2542
2543
2544
2545
2546
2547
2548
2549
2550
2551
2552
2553
2554
2555
2556
2557
2558
2559
2560
2561
2562
2563
2564
2565
2566
2567
2568
2569
2570
2571
2572
2573
2574
2575
2576
2577
2578
2579
2580
2581
2582
2583
2584
2585
2586
2587
2588
2589
2590
2591
2592
2593
2594
2595
2596
2597
2598
2599
2600
2601
2602
2603
2604
2605
2606
2607
2608
2609
2610
2611
2612
2613
2614
2615
2616
2617
2618
2619
2620
2621
2622
2623
2624
2625
2626
2627
2628
2629
2630
2631
2632
2633
2634
2635
2636
2637
2638
2639
2640
2641
2642
2643
2644
2645
2646
2647
2648
2649
2650
2651
2652
2653
2654
2655
2656
2657
2658
2659
2660
2661
2662
2663
2664
2665
2666
2667
2668
2669
2670
2671
2672
2673
2674
2675
2676
2677
2678
2679
2680
2681
2682
2683
2684
2685
2686
2687
2688
2689
2690
2691
2692
2693
2694
2695
2696
2697
2698
2699
2700
2701
2702
2703
2704
2705
2706
2707
2708
2709
2710
2711
2712
2713
2714
2715
2716
2717
2718
2719
2720
2721
2722
2723
2724
2725
2726
2727
2728
2729
2730
2731
2732
2733
2734
2735
2736
2737
2738
2739
2740
2741
2742
2743
2744
2745
2746
2747
2748
2749
2750
2751
2752
2753
2754
2755
2756
2757
2758
2759
2760
2761
2762
2763
2764
2765
2766
2767
2768
2769
2770
2771
2772
2773
2774
2775
2776
2777
2778
2779
2780
2781
2782
2783
2784
2785
2786
2787
2788
2789
2790
2791
2792
2793
2794
2795
2796
2797
2798
2799
2800
2801
2802
2803
2804
2805
2806
2807
2808
2809
2810
2811
2812
2813
2814
2815
2816
2817
2818
2819
2820
2821
2822
2823
2824
2825
2826
2827
2828
2829
2830
2831
2832
2833
2834
2835
2836
2837
2838
2839
2840
2841
2842
2843
2844
2845
2846
2847
2848
2849
2850
2851
2852
2853
2854
2855
2856
2857
2858
2859
2860
2861
2862
2863
2864
2865
2866
2867
2868
2869
2870
2871
2872
2873
2874
2875
2876
2877
2878
2879
2880
2881
2882
2883
2884
2885
2886
2887
2888
2889
2890
2891
2892
2893
2894
2895
2896
2897
2898
2899
2900
2901
2902
2903
2904
2905
2906
2907
2908
2909
2910
2911
2912
2913
2914
2915
2916
2917
2918
2919
2920
2921
2922
2923
2924
2925
2926
2927
2928
2929
2930
2931
2932
2933
2934
2935
2936
2937
2938
2939
2940
2941
2942
2943
2944
2945
2946
2947
2948
2949
2950
2951
2952
2953
2954
2955
2956
2957
2958
2959
2960
2961
2962
2963
2964
2965
2966
2967
2968
2969
2970
2971
2972
2973
2974
2975
2976
2977
2978
2979
2980
2981
2982
2983
2984
2985
2986
2987
2988
2989
2990
2991
2992
2993
2994
2995
2996
2997
2998
2999
3000
3001
3002
3003
3004
3005
3006
3007
3008
3009
3010
3011
3012
3013
3014
3015
3016
3017
3018
3019
3020
3021
3022
3023
3024
3025
3026
3027
3028
3029
3030
3031
3032
3033
3034
3035
3036
3037
3038
3039
3040
3041
3042
3043
3044
3045
3046
3047
3048
3049
3050
3051
3052
3053
3054
3055
3056
3057
3058
3059
3060
3061
3062
3063
3064
3065
3066
3067
3068
3069
3070
3071
3072
3073
3074
3075
3076
3077
3078
3079
3080
3081
3082
3083
3084
3085
3086
3087
3088
3089
3090
3091
3092
3093
3094
3095
3096
3097
3098
3099
3100
3101
3102
3103
3104
3105
3106
3107
3108
3109
3110
3111
3112
3113
3114
3115
3116
3117
3118
3119
3120
3121
3122
3123
3124
3125
3126
3127
3128
3129
3130
3131
3132
3133
3134
3135
3136
3137
3138
3139
3140
3141
3142
3143
3144
3145
3146
3147
3148
3149
3150
3151
3152
3153
3154
3155
3156
3157
3158
3159
3160
3161
3162
3163
3164
3165
3166
3167
3168
3169
3170
3171
3172
1.434778311106655 3.168343497991727 0
1.049999999999999 4.913397459621557 0
0.08624778294865287 3.949286738054268 0
2.547026012434543 4.911374851254378 0
4.91989188550855 2.553126277900719 0
1.736325525707623 3.257521227564458 0
2.354147060606714 3.223418970446418 0
3.226280362461052 2.377356265310614 0
2.050805775320954 3.276642216109932 0
1.450004489390217 4.915848991133927 0
4.917889405514973 2.148264435251112 0
1.849795098099353 4.917210892230207 0
3.428795142904156 4.053902872966888 0
4.057092798337019 3.420327092445236 0
3.277637597388993 2.063607248541361 0
4.06237790416961 1.374435457036796 0
0.08531157517723056 3.552209151538015 0
1.165364763919531 2.97188663455285 0
1.092787220672511 1.09113968635159 0
0.09126174549511501 4.350500791883052 0
2.657704336413412 3.103770298030089 0
3.107236857250521 2.655010647532656 0
0.09955616295684051 0.6545111405867486 0
2.83237749642438 1.03485239606168 0
3.429009979705905 3.841086509187367 0
3.837487309391403 3.439358337161244 0
0.7513502319962951 0.08581890048443659 0
3.660619930336883 0.8327879915663173 0
0.08570617830762434 3.149998289171601 0
2.947314107794304 4.919718176864922 0
4.909766304453079 2.958703898768766 0
3.54972471434909 3.630446770034054 0
0.6500000024347834 4.91548121169133 0
3.157682787166138 0.08900587899319612 0
4.913489025617698 1.750183772954095 0
0.0900674476692437 0.9369783680265442 0
2.14914800796068 4.913898695050582 0
1.059644983146767 0.08995104339330567 0
2.900542420670856 2.902635223422769 0
0.9422227751571755 2.754126134357456 0
2.849994993474029 0.08405193916823353 0
3.825257450830345 1.340772746910669 0
0.8784336681949468 1.328476670457231 0
3.48793636474937 4.270581878376484 0
4.274578086616177 3.486300533778432 0
0.0834385963173935 2.850004289892645 0
4.26601338563812 0.7373053896014998 0
1.345008145631138 0.8940454738628807 0
4.270557177010364 1.26630096307523 0
2.472493870607295 0.8029553286123354 0
0.8019341135635343 2.458008330164645 0
0.08657238376132544 1.250022224713665 0
3.451530219845219 0.08609959976848641 0
1.346041206264346 0.08684109055547154 0
0.7685479105486956 1.633380827378951 0
4.549999999999316 0.08660254037857508 0
0.4500075359232101 0.08659927740502571 0
3.258337808551666 1.730655264007272 0
1.650090084449757 0.08663460140758701 0
3.030502067437083 1.262504681472434 0
2.351834683118443 0.0855708839293438 0
0.09138211767566748 2.337849754994657 0
0.08915492119991829 1.865085088811477 0
3.821652059689054 0.6594131919518237 0
1.942400371323822 0.721699889502507 0
3.248632050157188 4.913136304566775 0
4.9019574063691 3.23856508383698 0
1.637023717094694 0.7730453740577969 0
4.915959790452535 1.450686690699395 0
4.914888368583015 0.547534741536286 0
0.7162981311693655 2.052202034386172 0
0.0898375085161198 1.551548206580214 0
3.664008213715487 1.166069490822882 0
4.250722832625015 0.0812426427813696 0
4.37962824129163 0.9398727082227776 0
2.039587053367176 0.09290723233602829 0
4.915584944940845 4.551218701714451 0
4.537286164256166 4.917766575493454 0
4.914723324841078 1.162988492366353 0
0.3500045680933849 4.913397311996114 0
3.962442499997445 0.1017597172619168 0
3.206804245708722 1.52041711643073 0
2.258367411818744 0.7487027822394661 0
2.654452431572156 0.9042100817034245 0
0.7255177455133849 1.844492470035886 0
0.7421429743080683 2.261270029992128 0
4.454055303799513 3.637068559843568 0
3.619892364407689 4.438464325177555 0
4.065548995215679 0.6430562367291466 0
4.913539750317415 0.8502880999144242 0
4.457582406515157 4.370656630912079 0
0.07977371083969684 0.3505686408006881 0
4.278913363204779 4.520581133348787 0
4.915736298610309 3.546532025379221 0
3.545089375038454 4.918702667178852 0
4.91136351124084 4.253240564428469 0
0.08660254037844355 4.649999999999999 0
4.556553083558634 3.826588761287535 0
3.84472624802663 4.569030606887541 0
3.75045215859363 0.08654045962026391 0
4.913544851768373 0.3501154606564858 0
4.911172829737132 1.95270878637333 0
2.649993409963252 0.08397315454120437 0
0.08891332038091454 2.050208906875945 0
1.850056332050477 0.08659589677772812 0
0.09085251171007511 2.563128469159663 0
0.08458943053703541 3.346536667567217 0
0.08659863769583673 3.749971209555064 0
1.65001467696689 4.913404864541603 0
1.253753023749005 4.918977166346291 0
2.750080308907473 4.913405157044555 0
2.363649562883374 4.92379664503798 0
4.913397459621424 2.749999999996581 0
4.932685078589592 2.349011460189035 0
0.08641266748629474 4.150325314425323 0
0.8479206303411925 4.914602851222924 0
4.146774139662218 4.915482964690495 0
4.912720439166368 4.041471470452454 0
4.919918224853761 4.74946171631525 0
4.359192888441983 4.901268507138413 0
3.94804411060544 4.914369056691593 0
4.911658015685486 3.769365774977964 0
3.737530852820607 4.903849896878853 0
4.557396402709735 4.169084351164083 0
4.05149318299495 4.577015160589986 0
4.758053529959747 0.08985795162008189 0
0.249999999999784 0.0866025403783575 0
4.753003098890671 4.915760987058768 0
0.0857888416229754 4.853301020198225 0
4.147146744224893 1.351415603189263 0
4.11614230712488 1.444447424269619 0
4.028274949413088 1.462268911775638 0
4.093725421473618 1.545067755196984 0
3.992165238236083 1.551468329012647 0
4.050046544022317 1.624014859030636 0
3.955737704089313 1.639164270220977 0
4.015649322563552 1.713825087575776 0
4.106989254629495 1.702451938822347 0
4.07563171987665 1.789666287795146 0
3.980599087694505 1.803905061294992 0
4.041050083065883 1.879606377396852 0
4.137178155599838 1.864611988300383 0
4.102283153329807 1.955308843973875 0
4.005894406879738 1.970251512687041 0
4.067164463004795 2.046214741218116 0
3.970820543493426 2.061157628120089 0
4.031996972857841 2.137239394560366 0
4.128350050799291 2.122178062210549 0
4.09303395606711 2.213296186525989 0
3.996599443326605 2.228362463268269 0
4.05769563087693 2.304528321223363 0
3.961140830417902 2.319580366070941 0
4.022516874478673 2.39591851853245 0
3.929774180598333 2.407656751805855 0
3.987174142307175 2.482685879342293 0
3.888593868863244 2.498411674515365 0
4.084037502977588 2.471503727798102 0
4.038103335254151 2.566529865093458 0
4.143846358116805 2.5490213952544 0
4.111901529907989 2.637744241289102 0
4.189057344509839 2.19883252647077 0
4.207258527610799 2.6248257761084 0
4.171444779884482 2.71246165152981 0
4.069534953023314 2.725308297371585 0
4.268460741620307 2.701385869701586 0
4.222463307087991 2.796925073445985 0
4.303343792223388 2.611707999610699 0
3.866685921450934 2.33267458750425 0
4.329706149415681 2.778966293493977 0
4.296888591896259 2.868085069467657 0
4.392233830385285 2.855379990085278 0
4.357272426421931 2.946913445820472 0
4.269494453364177 2.948349615393463 0
4.453928757213564 2.932572744842258 0
4.418939527747837 3.024184055395368 0
4.48807036532813 2.842996695523743 0
4.516180054722224 3.009314640346889 0
4.480890768150443 3.101187579989184 0
4.386941013343849 3.113358120887548 0
4.198561412030549 1.940159188722411 0
4.233527759694264 1.849218495762084 0
4.294988407476349 1.924987359357776 0
4.33013764146064 1.833625334339477 0
4.39165362155328 1.909772966284501 0
4.426874787161436 1.818169327120665 0
4.488536714820292 1.894544561205816 0
4.45324300380522 1.986204931600347 0
4.523684268948175 1.802919710500285 0
4.462053504106597 1.726613752835013 0
4.558679127283821 1.711321827818433 0
4.497370610055444 1.635397239092261 0
3.909489246612742 1.985052541323943 0
4.447606117260652 3.191301085058172 0
4.550337076759988 1.970950636242319 0
4.514981691326969 2.062898007096196 0
4.543210301685659 3.177806863623851 0
4.509352917663535 3.268416314654971 0
4.215152216187522 1.424120899732588 0
4.593654408274157 1.619991731111467 0
4.53248177202974 1.544221935382821 0
4.359538166752878 3.192424083765253 0
4.605182646013096 3.254796820028988 0
4.640511185254785 3.162943691268594 0
4.570442710837475 3.346160303203657 0
3.874305163910743 2.076115685925314 0
3.812977544809152 1.999905430697825 0
3.777657693990032 2.0911024693782 0
3.716387463545167 2.01488082654082 0
3.680950258454314 2.106152558787525 0
3.751719395440575 1.923681818405133 0
3.655155874274925 1.938637546692772 0
3.690460503741217 1.847579742421439 0
3.590947733352182 1.861990197388783 0
3.628735250227525 1.771430757199425 0
4.180772298837442 2.457210481862746 0
4.612432471402325 2.047482151539888 0
4.576960764913655 2.139590637127516 0
4.479486014192846 2.154915403477142 0
4.541461958561623 2.231673490055498 0
4.443989222880187 2.246930681255935 0
4.505908680905033 2.323791111028063 0
4.603553114979229 2.308510349491305 0
4.567941399358477 2.400737394673758 0
4.384141489711396 1.644170127970915 0
4.620656291031131 1.787471995584039 0
4.628583089414773 1.528832294796522 0
4.567218902218364 1.453146213377565 0
3.895702310457745 1.564361887979004 0
3.563392903055361 1.945952705129939 0
4.667048495146497 3.331967419840455 0
4.632245308499897 3.423440902578956 0
4.663444127581288 1.437791886342298 0
4.602097398183049 1.362151024241419 0
4.698379067139614 1.346766758629253 0
4.63689530577791 1.271263610384057 0
4.543928553554953 1.285972739441903 0
4.579126945879556 1.193411937680936 0
3.533955580093432 1.78422712509104 0
3.572137975211501 1.696650272083054 0
4.469417154817815 1.466207910721787 0
4.684910977806348 1.600307912088733 0
3.665685686256057 1.681390651670299 0
3.604302786355792 1.605376265912681 0
3.49696304630432 1.627382928223893 0
3.54134969957475 1.530867101738131 0
3.638459864637078 1.516563279883757 0
3.576854590174499 1.440886213188205 0
3.482276517084324 1.454561644025375 0
3.517664175150724 1.364683902289866 0
3.422516755526687 1.378847160285856 0
3.457882486849639 1.289218724784401 0
3.362537513675202 1.303318155905095 0
3.397799839050236 1.213617800106277 0
3.3021577303977 1.227865959923615 0
3.337566993728629 1.137944187660109 0
3.436606824461756 1.112365992347959 0
3.368724473910647 1.044350992244631 0
3.276784144157232 1.061646549732954 0
3.315936168696652 0.9687366688439307 0
3.217672632519312 0.9858026625542179 0
3.257285841355654 0.8926868393042305 0
3.157663331163745 0.9097574148386812 0
3.19363384365745 0.8193399153840435 0
3.290406849125421 0.8026009079260246 0
3.22884828373682 0.7296547025924893 0
3.132384342662658 0.7434497385948819 0
3.168495873335609 0.6526398670589078 0
3.264112736223865 0.6426450733125695 0
3.071469888026754 0.6666978194680268 0
3.107879155570431 0.5754582968440241 0
3.010510325506098 0.5895621786681162 0
3.046428399829376 0.5006925993603952 0
2.949363318397865 0.5126019260684005 0
3.139566391068782 0.4905609019363711 0
2.912896002919076 0.6038741074186764 0
2.851788322658443 0.5263559887802267 0
2.976900012397169 0.4272931914642232 0
3.035251653622685 0.757850251639409 0
2.815194302193634 0.6181443714804591 0
2.753874115251818 0.5405184781222607 0
2.785878971953187 0.4546505877251372 0
2.691416022550382 0.4675943804120273 0
2.655806733588247 0.5548385160490611 0
2.593773318758615 0.4755544299218555 0
2.637647923361597 0.3838543340394974 0
2.531393835674744 0.4027126740468825 0
2.495349371247335 0.4894786598893422 0
2.434376943864807 0.413418051556701 0
3.416137678263016 0.9511001941093362 0
3.121308898205818 1.00075001829586 0
2.397030271293114 0.5021151543188116 0
2.335878068412015 0.4271738916741577 0
2.476681853962257 0.3203577496558163 0
4.672085263852219 1.180125230980225 0
4.610881307361698 1.104690175852241 0
4.706144064353998 1.089630384722718 0
4.644807775132582 1.014219975937043 0
4.665741081592294 2.385463634913223 0
4.630078139158956 2.477864777664509 0
4.408383971271157 2.338922421898722 0
4.532237424727058 2.493108440951114 0
4.594359656916642 2.570314425181198 0
4.701319754285487 2.293157651919608 0
2.298619058644548 0.5161143369989168 0
2.237440312415579 0.4413705606523522 0
2.200681592906585 0.533776672951761 0
2.139052104323707 0.456285271799678 0
2.175852018296053 0.3638771591902717 0
2.077367177883261 0.3783885661593988 0
2.040598425225963 0.4709162689438767 0
1.978870916053196 0.3928678649978573 0
1.94213301471854 0.4853852113574586 0
1.880380714099332 0.4073281877703634 0
1.843645604308339 0.4998263749128725 0
1.781891725185494 0.4217580741781202 0
1.745157837773219 0.5142575480515541 0
1.683405633869942 0.4361908083160662 0
1.646673084616563 0.5286894708337392 0
1.58492109972083 0.450623471046668 0
1.548174700465672 0.543136136411935 0
1.484709352804186 0.461059990979841 0
1.44939208911609 0.5568984384738389 0
1.385641539103897 0.4749100423935456 0
1.350765456538877 0.5711271984438233 0
1.289452039195372 0.4939308084296302 0
1.252356992093064 0.5844459750137283 0
1.19023942696809 0.5062279489169175 0
1.153744179269827 0.5983488307190598 0
1.091465010424086 0.520314839441686 0
1.055464807776299 0.6144993995152588 0
0.9935726094287924 0.5367686001417263 0
0.9569878528287168 0.6292385581828681 0
0.8952541246433499 0.5514990037563806 0
0.8585136331599843 0.6441607775835421 0
0.7967190856066266 0.5660644416721781 0
0.7599354982485507 0.6587330782773484 0
0.6981194877128412 0.5805573425214015 0
0.6613203884476382 0.6732171018424271 0
0.7231565668422446 0.7514079541679358 0
0.6245475877377191 0.7658766415981679 0
0.5994415788135607 0.5950281782258253 0
0.6863843414177258 0.8440349253926317 0
0.5877830485205706 0.8585117739639335 0
0.649608052777592 0.9366524696670934 0
0.551034100261228 0.9511312601420945 0
0.6160370911551101 1.030533602047167 0
0.5148346239739889 1.043953438724451 0
0.5799004812069483 1.123376699245546 0
0.4891118862032958 0.8730718477320589 0
0.6362622153447062 0.5023085493336767 0
0.5375361139092157 0.5167877518095181 0
0.4782604692825678 1.136617758183762 0
0.5400621896396072 1.214764098642815 0
0.9125803704325111 0.719726809816836 0
0.9314197393475894 0.4595131380016202 0
0.4424792814607365 1.229597923044597 0
0.5029553457381712 1.307219168176612 0
0.711390540527862 1.014803000812689 0
0.4096745554907769 1.319403413168648 0
0.4668276346937617 1.399289233185233 0
1.223195917654527 0.4083889251637858 0
0.5743847378048352 0.4240244552538786 0
0.4756224263149468 0.4384861465260431 0
0.4387736802754943 0.5312823807020658 0
0.3777037795884546 1.148988474826506 0
1.116633494537736 0.6831780726553506 0
0.5645483125655727 1.385142660846598 0
0.5276106969837603 1.477695675656846 0
0.4292601355474448 1.492118367570699 0
0.4909236253046735 1.570233737430904 0
0.3924132216810519 1.584732180427509 0
0.4542083696401509 1.662850216857179 0
1.517826108767171 0.3587783684413564 0
0.6731271763050919 0.4095716389098341 0
0.3556628877948842 1.677327057533595 0
0.4174911129815265 1.755458417213398 0
0.6113283735590258 0.331817893763375 0
0.3768348627162698 0.4529611520172093 0
0.6378569300762655 1.199979057720314 0
0.4136925876943139 0.3601460900742653 0
0.3399885255843728 0.5457691109782369 0
1.412944465610708 0.6500612240095047 0
1.71770832861155 0.3431449609493143 0
0.3314317637032342 1.50955888406986 0
0.4019339256647982 0.6240836565586743 0
0.7104726905830296 0.3199199398606829 0
0.3189311579775126 1.769926341372582 0
0.3807787882691875 1.848030862790591 0
0.4793032459855363 1.833555965159329 0
0.4426162420604283 1.926118560218904 0
0.3440745132580036 1.940629949046075 0
0.4059442315196604 2.018713467702519 0
3.26671789752676 1.318083678563232 0
4.514617193217921 1.120799107715158 0
1.917850955364126 0.3160841951617617 0
0.3040021653456751 2.035649570666574 0
0.3653356060685525 2.114120811717377 0
0.4678222723340383 2.096784137495745 0
0.4346654860505111 2.190521700565366 0
0.3316042449984135 2.211303545551785 0
0.3966173956269715 2.284086230025373 0
0.493055149415268 2.267421373197565 0
0.456784718827605 2.360380704994626 0
0.3600121244059713 2.375721924594918 0
0.4202536815238775 2.452892692298162 0
0.5175523763785729 2.437765191787132 0
0.481778537969314 2.530634792910172 0
0.3833269326616014 2.545335356470328 0
0.445238415919253 2.62329206591943 0
0.5437723470640159 2.608654966892936 0
0.5072032829512699 2.70123786802198 0
0.6056664771730853 2.686555998591535 0
0.5691430393474493 2.779155122807137 0
0.4706743887150354 2.793849620688898 0
0.5326379655497435 2.871788074597006 0
0.4341348541627945 2.88650161296828 0
0.4961363014279714 2.96445455754397 0
0.5946181330645683 2.949732390841714 0
0.5582556761232311 3.042290693438638 0
0.656620353703871 3.027672698685753 0
0.620264690472467 3.120189105290937 0
0.7185949534599138 3.105565350228751 0
0.6821275591910649 3.198173335172585 0
0.780539930640942 3.183488236368234 0
0.744071984773553 3.276079718077661 0
0.8424846421962551 3.261375718356728 0
0.8060143566867162 3.353975067991866 0
0.9044324294669006 3.339264181509871 0
0.8679722533862747 3.431872671548475 0
0.7695186476633054 3.446589548104204 0
0.8314982571944713 3.524502282302659 0
0.9299594598244761 3.509774287224822 0
0.8934904389224716 3.602417303993284 0
0.9919677430813648 3.587684965674516 0
0.955520145754166 3.680311632706685 0
1.053979272627189 3.665595648229203 0
1.017528649729344 3.758229947657428 0
1.115987207879443 3.74351423283193 0
1.079535358491514 3.836165010881324 0
1.178009987557904 3.821441240574962 0
1.141523824817758 3.914129356300802 0
1.240059964353926 3.899365048610289 0
1.042877116703925 3.928718775742463 0
1.203550443862904 3.992093191528725 0
1.302113588144924 3.977320459646983 0
0.8568870407605886 3.694857777828788 0
1.265590164256955 4.070076382796588 0
1.364158371262727 4.055304418170905 0
1.400683582110545 3.962561991713486 0
1.462713221137973 4.040538905475939 0
1.499202946094537 3.947832683039939 0
1.561241164214705 4.025783310880966 0
1.597720539574233 3.93309177362353 0
1.659758004131406 4.011029645218946 0
1.623282799966202 4.10373546241741 0
1.721809863504363 4.088962646281202 0
1.758279593393763 3.996250931653305 0
1.820328158858556 4.074183841444251 0
1.856797046440146 3.981497566047776 0
1.918828171512558 4.059410472450892 0
1.95527515112445 3.966736813950447 0
2.017303453651834 4.044624877620466 0
2.053743096844351 3.951979905295985 0
2.115759823619419 4.029845575505238 0
2.152190698151894 3.937225290569607 0
2.214167853075507 4.015076541923748 0
2.250561978846175 3.922508654676689 0
2.312499288695661 4.000286682401044 0
2.348871651548157 3.907843577918092 0
2.410739584028842 3.98549057545829 0
2.44707419018315 3.893156144993574 0
2.508907646310336 3.970751862662578 0
2.545199571954733 3.878442813254085 0
2.472623819075031 4.063064108648327 0
2.570741051225894 4.048367845369457 0
2.177757694722125 4.107682632158307 0
2.534440923143646 4.140649633414873 0
2.632535126312268 4.125949986075534 0
1.327638056619619 4.148054962448111 0
1.229050834763036 4.162826554835608 0
1.882431946067632 4.152108743043916 0
2.59625381236015 4.218222401970019 0
2.694330297055182 4.203454104686121 0
2.730571585187017 4.111232814632822 0
2.792331301132655 4.188694655179399 0
2.828498641464531 4.096530438634705 0
1.535713428144893 3.855170853362643 0
1.291123930408694 4.240848698246307 0
1.192498546319769 4.255608970829845 0
1.893259104206388 3.888859085771934 0
2.756140661939979 4.28091558210715 0
2.854106631030555 4.266189012179963 0
2.286662349279758 3.829961465968443 0
1.152437776126233 3.650859882992941 0
1.254607925836745 4.333662085124677 0
1.155953289516415 4.348425648529458 0
2.817905139890349 4.358394997495267 0
2.91589905363176 4.343661759170955 0
0.583521994205157 3.212388686129247 0
1.353210733811212 4.31886248779919 0
1.316711316180479 4.411722702405434 0
1.415356320411426 4.396924506240565 0
1.093839793178865 4.270354349694181 0
1.057277157266133 4.363166876246803 0
0.9951594963025254 4.285094158905812 0
0.9585847515867894 4.377925469342035 0
0.8964496355305043 4.299829173656152 0
0.8598717638905218 4.392707484746075 0
0.7977196118566031 4.314577034038097 0
0.7611328468269841 4.407479284255298 0
0.698977730545667 4.329339620206922 0
0.6623763474418095 4.422252340625451 0
0.7355687035426164 4.236437122939037 0
0.636825204257953 4.251192569332379 0
0.6734220567167563 4.15829893781589 0
2.498107589833125 4.233008926655899 0
0.5746804039253899 4.173048530834825 0
0.6112651839712031 4.080157897501003 0
2.879690878805238 4.43586372172297 0
2.977671219406254 4.42106749798174 0
2.781697803258465 4.450722208729584 0
3.013847611170191 4.328904609963404 0
3.075609702947869 4.406290148631899 0
0.9219791867269096 4.470755484289653 0
0.5125328692126379 4.09491237170742 0
0.5491174512843151 4.002021718819392 0
3.039454026399228 4.498478381838421 0
3.137405379657712 4.483667256115466 0
2.090064504423615 3.859256429801566 0
2.483303954869126 3.800862914331117 0
2.581483356460557 3.786158055963258 0
2.519724287632826 3.708599034054016 0
2.617755599482779 3.693928077278253 0
2.555758933331831 3.616138658277605 0
2.653985817433052 3.601714810857848 0
2.715698318528105 3.679228246223241 0
2.751949407089479 3.587117822936354 0
2.813599992743548 3.66470579373675 0
2.84982478482535 3.572537304944981 0
2.911400210733773 3.650052992749933 0
2.947582392471953 3.557963687720508 0
3.008981811741802 3.635198889892803 0
3.045125203530715 3.543285006241172 0
2.983793354019759 3.46605002704417 0
3.081399272720549 3.451456597214392 0
3.019975431111559 3.374212249177123 0
3.117604725488616 3.35961895129794 0
2.973009616449318 3.727317142127544 0
1.02842903999691 3.495059845813865 0
1.685339524189566 4.181693832692186 0
0.5380705646515048 4.265947938802957 0
0.7330100879981566 3.539236705499309 0
1.119341534656007 4.441231847468819 0
2.457417269423257 3.63059822488146 0
0.724550295115546 4.500407928955138 0
0.6257586372470594 4.515183957394347 0
1.378857067062282 4.489801756139022 0
1.477543464059635 4.475030573046451 0
3.139113314656768 3.523081780610995 0
2.788259834490073 3.495118135308477 0
3.056162537913537 3.282363746106522 0
3.153803676924263 3.267795762595274 0
3.215170739310639 3.344726760776542 0
3.251402680884312 3.253187196243494 0
3.190027652188976 3.176032450075408 0
3.287625618153692 3.161500407818666 0
3.348982524134153 3.238587279043781 0
3.385177157250182 3.14692467449281 0
3.32388099331925 3.069743397694044 0
3.42142704058521 3.055285031041139 0
3.482691011728613 3.132487235118385 0
3.518901828694237 3.040848234219201 0
3.457677871953797 2.963644819432921 0
3.555157171655193 2.949227248472764 0
3.493955192850996 2.871986770350351 0
3.616331000687768 3.02639799855111 0
3.652596477098793 2.934794503481016 0
3.713693429166574 3.011990225879551 0
0.4597530559312504 3.056774126022389 0
3.111676187749507 4.314167840506395 0
2.592155068933666 3.52408890501569 0
2.843460970915875 4.52823985570937 0
2.74534671326583 4.543145866879871 0
3.066820493329494 3.715315017226054 0
3.033903855974752 3.804795415264755 0
3.677494662888125 3.103489709695346 0
3.774797972034925 3.089094249866664 0
0.8144194294757261 3.092940385325615 0
3.396400994282913 2.886415202697398 0
3.43269460162055 2.794720860760657 0
3.530260660278525 2.780315960357912 0
3.469011665956312 2.703027418351716 0
3.749984982287446 2.920494361183972 0
3.566569912436118 2.688624790335657 0
3.505352002949005 2.61129682768444 0
3.101284998978102 4.575911745995296 0
3.199212767857871 4.561020873967658 0
0.4503918841734317 4.016775622892509 0
0.4869932371336386 3.923899002466343 0
0.7099575587482336 4.065356452526697 0
2.958479706875859 3.296936857480752 0
0.413780045932114 4.109676130893988 0
0.9411287595713071 3.246782031766227 0
1.440998354652869 4.567901574342192 0
1.539712835634826 4.553123497328292 0
1.342272370560516 4.582682627525664 0
2.777471101411582 3.757131321793 0
0.585701958317301 3.909147803919361 0
0.5235955647988721 3.831112188875529 0
0.4248732486541942 3.845788666836341 0
0.4614842152084712 3.753005252856609 0
0.3467056215071636 2.637956767105902 0
3.407722352281812 2.625708299877674 0
0.6879608947799989 4.593361930299306 0
0.5891500993270844 4.608143637368213 0
0.5269524554791656 4.529951674068658 0
0.4903262423723534 4.622924310225766 0
0.4281117296366098 4.544709289797904 0
0.3906747112803562 4.639288121734521 0
3.050019289596468 4.236881935124845 0
3.147720674129869 4.2221400954005 0
3.0858835625789 4.144480342061513 0
0.6886082065965584 2.938542122732077 0
1.276502327686339 3.806632437001194 0
1.63416804479182 3.840439499279902 0
1.572100269009603 3.762525817469485 0
1.670576056075514 3.747815205666626 0
1.608543204656668 3.669946425141132 0
1.706980905286194 3.655246471590901 0
1.645063479995252 3.577447542008639 0
1.546635849803885 3.59207969417022 0
1.743395166282606 3.562735429470006 0
1.583158443663709 3.499654926020865 0
1.484871980724816 3.514345597468892 0
1.805311401528854 3.640503977906882 0
1.841696302407971 3.548014871831109 0
1.903602201389897 3.625755190998306 0
1.576200240638335 4.460209439011458 0
1.63755773028437 4.532604778361975 0
1.674663722363553 4.444435058019146 0
1.736073801237536 4.516694060477253 0
1.773347237880748 4.429346337613415 0
1.835588084267844 4.507389118284739 0
1.872264152755216 4.415459097175543 0
1.93443800774391 4.493661283304917 0
1.971025143886514 4.401157580444811 0
2.033149947152513 4.479137065714529 0
1.996619346196189 4.57196920634381 0
2.095298135590549 4.557199231117861 0
2.131819546693889 4.464369034752678 0
2.193941995743219 4.542392861374444 0
2.230259382885865 4.449536785293477 0
2.292352340495658 4.52750977601977 0
3.127634525157085 3.793080771710934 0
0.9330443658924652 4.206979244286349 0
0.6710134103352274 3.461285144567463 0
2.559989843083585 4.310660876002516 0
3.235240653918942 4.46883158789879 0
3.297058087342731 4.546114921365552 0
3.444091466643463 2.5339698935798 0
3.541703703261017 2.519578272338665 0
3.480493097816808 2.442266628353241 0
3.57805173886668 2.427922518736295 0
3.516889666200282 2.350638588671577 0
1.787611622844302 4.600249611991893 0
2.994690316679518 3.205015006298694 0
2.256046211564652 4.620377892136482 0
2.354393489641078 4.605461759842557 0
2.807188714350892 4.620724235388171 0
2.70878202406978 4.636002763380486 0
2.647082109188326 4.558027430171674 0
2.610445596579009 4.64809062180325 0
0.3321570054732996 4.55733585683709 0
0.3663790525439039 4.466126113774079 0
1.940372423884283 3.535946277091711 0
2.001922917944586 3.611452247740248 0
1.612053650706167 4.632749107412696 0
3.738620781905479 3.180564193200806 0
3.835874259226427 3.166168334154075 0
3.872075131018249 3.074743164502228 0
3.93313562836169 3.151786725365182 0
3.969319812546079 3.060374758389952 0
4.030400879684604 3.137432828523535 0
1.521285903477277 3.421890881431587 0
1.423002095494553 3.436574275797851 0
0.3632976791042042 3.767232199503131 0
0.3994493880953052 3.674725213970424 0
3.335074573332065 2.8091615739155 0
2.058783570026451 4.650093304598467 0
2.039282079074838 3.52197731389226 0
2.100269846558374 3.596908541240327 0
2.137228372530688 3.504774429151419 0
3.263422330945714 4.640576482828011 0
3.36206203257212 4.628462876760119 0
0.3516223773560756 4.03151947449329 0
3.095073708167655 3.882169098709442 0
3.189248440164257 3.866181924919429 0
3.221882138283915 3.759708853361415 0
2.896939810059751 3.219613015184374 0
2.198436758815619 3.581786732129919 0
2.23461596658416 3.489155482450262 0
2.998308482212594 3.896547835598454 0
2.766815225904094 4.019116550345716 0
1.386581613453371 3.529014596186766 0
1.324716320232502 3.451259792446796 0
0.6224551719460513 3.816441786648385 0
2.168345313205777 4.371616201550097 0
2.390050150434762 4.511726459667236 0
3.614337344596205 2.336317272486593 0
1.586778409149943 4.196466200617297 0
0.6345369152182048 3.55392414866723 0
0.5724955486436243 3.475948283573737 0
2.266673565427097 4.356553165866426 0
3.639257691099317 2.505212528914502 0
3.183791618698028 4.130231308966344 0
3.390855916655443 4.53565643288545 0
3.453601124167642 4.612454670456921 0
3.420817800630711 4.700669321086906 0
3.51750891190369 4.682058745432227 0
1.879174618355899 3.455027948874737 0
1.404437376200692 4.660811123709382 0
1.305682703133216 4.67559111106636 0
3.245241998906393 4.207348609103946 0
0.3186480936898031 4.125881264353348 0
0.3006297343696552 3.689511690931551 0
0.3401064233943063 3.597754906541781 0
0.4480554163437139 4.723238360265967 0
4.723888953139509 3.407142023285622 0
4.687117825350091 3.499108539011964 0
4.474425445027183 3.349213654913427 0
3.34638844134243 2.548324640880324 0
0.6260816345768208 1.463229007168487 0
0.3031528028870816 0.6385791889940082 0
3.553212479937084 2.259050213243378 0
3.455757064262344 2.273367407812609 0
3.492103183946315 2.181781628549706 0
0.3148618207269346 0.3746229618129798 0
4.73601855637567 0.9983499881972415 0
4.674381553659897 0.9218939864116571 0
1.361139328363104 3.358797946435408 0
1.262866854938221 3.373477043113856 0
4.692333304860683 2.555015222187502 0
4.656551919801903 2.647609324893495 0
0.651358452625479 4.686337058058179 0
0.7498217885039293 4.669535477229745 0
0.2570485748108096 1.691790916120046 0
0.5545032863187924 1.650260344531601 0
0.2809329974951352 4.653412129412621 0
0.270633701549879 4.478427695474853 0
0.3070494085913685 4.388760672609127 0
4.581129939819262 0.9340578632093848 0
4.617612397291331 0.8484257894358136 0
4.711693636289414 0.8281391774959032 0
4.651458228604782 0.7567240397170074 0
4.55998305092361 0.7748716944585966 0
4.59040260209325 0.6825190228561278 0
4.685860033478859 0.6662772846658491 0
4.623836666286916 0.5912752663212153 0
4.527848507976752 0.6074869246050973 0
4.561615420120663 0.5162904179778836 0
4.465631346235289 0.5325868594950887 0
4.499420159049235 0.4413759929794691 0
4.403416835509177 0.4576968014216494 0
4.588714314863929 0.4267625317270521 0
4.437265240662683 0.3663732186701296 0
4.341279186227634 0.3829097779221073 0
4.307275287076933 0.4724138389633195 0
4.245514270878361 0.39913975659296 0
4.375169274872743 0.2913808945543974 0
0.3536353381873907 0.2791495958649917 0
1.299297832858798 3.281038725107638 0
1.201030363015092 3.295705616924836 0
1.237455781319291 3.203281933322699 0
3.894171957810729 3.243400212533084 0
2.933174696981768 3.127618202114298 0
2.454529324038676 0.5900047755476907 0
0.5449823533154416 1.913072124929236 0
2.318163366483836 4.698385664567461 0
3.860536727563773 1.653415730182677 0
4.066591248722345 3.045996716162536 0
4.005505391439566 2.968941466505952 0
4.1276878254858 3.123074233978234 0
4.471451380579142 0.2747271625732399 0
4.094047114958868 3.212486783376917 0
4.211193928632486 0.4877357316836581 0
4.14962280454478 0.4154495738023818 0
4.18351413921679 0.3248535310117505 0
4.087806368417356 0.3412516276961036 0
4.121255491129227 0.249776465312957 0
4.054059210431333 0.4323120872793503 0
3.992315858286381 0.3580253439910436 0
3.958884731855991 0.448827848990784 0
3.89705494418892 0.3747055496758527 0
3.863846907613875 0.4654783511321268 0
3.801925162004363 0.3913329691530854 0
3.767844162023545 0.4770121103363777 0
3.706616653570246 0.4070648099806565 0
3.672394535850664 0.4928642963795878 0
3.611252137469646 0.4233605573585925 0
3.577847536276282 0.5144491103264572 0
3.515831197153482 0.4406956002697908 0
3.645241042290907 0.3363543601462022 0
3.482537413722711 0.5319846120949356 0
3.41997470751302 0.4575741020605436 0
3.45356761703443 0.3660063673846337 0
3.357076397576656 0.3827100877148782 0
3.544697133957858 0.6064210404525779 0
3.82965675288645 0.3058577498311794 0
3.388014471650307 0.2855700627957095 0
3.293415057098855 0.306534258993446 0
1.139169260925278 3.21795132036886 0
2.114145070629439 0.2858518737516913 0
2.212738608509537 0.2714550151321214 0
4.269106420451577 1.762031092082308 0
0.6627963836083841 1.370762351102997 0
1.473578829240422 3.777190507515857 0
2.643284345452601 3.86384039483035 0
0.782746460728944 0.8240290143001974 0
0.684402869029663 3.894409697240823 0
0.6675579407150415 2.764455984558925 0
0.7040704516905125 2.671949391444709 0
3.627761071407406 2.765898363661499 0
3.664066574763007 2.674313849679677 0
3.725182398159173 2.751589864065958 0
3.391472305967496 1.464189625578576 0
1.002977860103398 3.324603375577067 0
1.226412059032381 3.465943666393339 0
3.64134677651792 3.194962909556168 0
3.702435002483848 3.27199826709576 0
3.605193682426359 3.286390746314939 0
3.667896315193519 3.368507892324393 0
3.568938836099603 3.376182284101754 0
1.965502478651186 3.703480100287824 0
2.876483554864014 0.6956796502539054 0
2.778676740843456 0.7099816510108693 0
2.839928404357931 0.7873003003789416 0
2.162023073477386 3.67401301821744 0
2.260483465391897 3.659502554895091 0
0.3650973793897023 0.7168541352526748 0
0.2663209940508615 0.731380588363169 0
0.3282618503062209 0.8096488609598108 0
0.3295505922935026 3.857224594394211 0
3.030950688492766 3.113226529896569 0
0.3777775390341974 4.202796897810638 0
1.960070188286986 4.664893564714093 0
2.024840157530925 4.743965913694229 0
2.121001552395105 4.728198732861983 0
1.243534142464912 4.597459603610304 0
1.206914706920277 4.690360102303333 0
1.144762645906752 4.612222556708522 0
1.10855805290967 4.707954125239678 0
0.3721434316659327 2.808534981000462 0
0.3355679699608995 2.901236137646939 0
1.810150223366841 4.337762257605799 0
0.6965026498896139 3.631843297666682 0
1.04606329796549 4.627463830325532 0
1.009851767501625 4.723279349493385 0
3.298770447618454 2.900937073266139 0
3.237366786733969 2.823588156146787 0
3.201017013267365 2.91542564956535 0
3.135384959197079 2.835065270837942 0
3.308430594001802 2.639441665470073 0
4.724124170182963 0.5848945466535518 0
0.9474225219149215 4.642407624912988 0
3.003288863031834 4.590779368459114 0
3.065178652469472 4.668321753833386 0
2.860753948888548 3.311546152561363 0
0.2684042761625351 4.226856713036075 0
4.259707656311556 2.016256477016811 0
4.674492543457048 2.124264805200061 0
4.710020215867569 2.031971728674953 0
0.4549452750822074 0.2646172600301724 0
3.102663329055448 2.929353024191889 0
2.967000542421164 4.683181642746493 0
3.787412269278351 1.83274088469946 0
3.76145412667815 2.660038153325744 0
3.822515525789255 2.737242402182362 0
3.60604707509666 1.348567632210583 0
3.742364033622527 2.182518796617426 0
3.325144275152225 0.2087588826709054 0
3.060464117775594 0.9246574257450988 0
3.024500890299472 1.015582771821493 0
2.461846640393642 4.325377367486293 0
2.400046239552341 4.247636166153859 0
2.5238707745246 4.402924127671566 0
2.416221144045681 4.683080451325077 0
3.482424379360795 0.2697132880021553 0
4.382341231090306 2.170023818668198 0
4.431947717412725 0.6238148513721671 0
4.496862978084005 2.585671080135297 0
0.244633429218587 0.5616330313641263 0
1.811879952441366 0.5873315014400726 0
2.772302213560261 4.729901253807815 0
3.450381044347612 0.6224273350518665 0
3.506439968656633 0.6930994652283445 0
0.2846859079165321 2.5599303288372 0
0.2504641341058557 2.650753244110842 0
4.408958639782766 0.1992167447695729 0
0.6533378312222236 0.247774971123562 0
4.752112371959091 2.631308832623002 0
4.718395056919132 2.724805003077942 0
0.9127992033864487 4.734495142645919 0
2.799388545909241 3.23432467568156 0
2.76297799606979 3.326186524926677 0
4.435055918932697 2.507831502649088 0
4.782357945220546 0.6504054191841472 0
0.275631699490627 2.815069441240854 0
0.2396710117536972 2.903193721538223 0
0.2994565452108672 2.991906641860076 0
0.7732348657495018 2.755245738196422 0
1.619565356146979 3.407193711974678 0
1.555143327580916 3.313278466058141 0
0.2568200991371724 4.059409876624337 0
3.40078636426612 2.196494560539072 0
0.2449092441732656 1.955564278878326 0
0.7310467796629809 1.448662972622265 0
0.2294852217470887 0.8241788198695029 0
0.2914409068955744 0.9024654852454399 0
3.435704702228832 2.105124397446092 0
0.254741379815229 0.2945868608929127 0
2.175461521193213 3.41266139941336 0
2.27093607910729 3.396810499796204 0
2.332721561154198 3.474420054434286 0
4.576439547746663 3.516536883747082 0
4.652957129628828 3.593466138178979 0
3.324588016052813 0.4739983544190455 0
3.603830636413843 0.6870059590747308 0
3.926920578186125 0.5462044814326658 0
3.030872820001986 4.759397634491179 0
3.131213418594005 4.747119169763152 0
0.1852855688453366 2.997424084988144 0
0.2633978014011186 3.083052459828337 0
1.357641484395626 4.754720625555846 0
1.457578026896116 4.74103743521011 0
4.329992427867925 1.199026183781876 0
4.357470248566532 1.290703718112814 0
3.622924554763939 0.9147117757619269 0
3.599843754047489 1.01088805038173 0
4.200555336714649 0.6663593718823512 0
4.337739346803361 0.8199084745242131 0
3.799417770487443 1.578130714691303 0
3.230445343515346 0.2329866479834073 0
4.915340157309079 0.1505115135809632 0
0.1008982364010487 0.1526001585803999 0
2.965122186384472 0.9382279486290784 0
3.195981296857266 0.3217706545480341 0
3.133322995304904 0.2509128784657614 0
1.925468819983191 4.75643237793633 0
3.157306053848881 3.958467419846395 0
3.253942374946106 3.929666577738159 0
2.864674570919809 4.004447224344018 0
2.803062723763519 3.927040434828029 0
2.20409595084751 4.278276352329005 0
2.105708825815867 4.293738293627386 0
2.926384391336678 4.081886044528103 0
1.732659901280585 3.825702566846005 0
1.64887309328248 4.274439134973417 0
0.5976872050766722 3.646276938288982 0
0.7213084288713167 3.801781757949712 0
0.7830971052239271 3.879724732457192 0
3.507816303588308 3.300596314412531 0
3.475276739302078 3.386118171902713 0
0.437006680455613 3.582519221682082 0
0.374792276860064 3.50428120087419 0
0.2619916930259345 3.528485961009204 0
0.3105404872208577 3.42770643131814 0
0.4109202521406007 3.411868671867734 0
0.3490784015348474 3.33362560606933 0
0.4638998381101873 0.7022723826854005 0
0.4032491993110213 4.373578008229957 0
1.550351175817853 4.289227537158923 0
1.488252733504932 4.211232116618434 0
0.4476888593010971 3.319032260207739 0
0.3856867898937462 3.240631901296536 0
0.2720794891664228 3.250188304256732 0
0.7719034825490914 0.3956554680340757 0
0.8087926638802129 0.3023725610440372 0
0.609023170298874 3.383307380708258 0
3.085116547903056 1.089076385253549 0
3.164720004259592 3.007238067357906 0
2.621897286159358 4.388055892006214 0
3.247608043405481 2.556174764278362 0
4.099841628209992 2.953390794328818 0
2.702058969492643 3.251626802433707 0
2.665151903996063 3.341263644218288 0
2.605576774949962 3.262417524242903 0
2.567708503514524 3.355212967009211 0
2.003453066155986 0.5606270155326452 0
2.370045123274855 3.385484737543859 0
2.431881998783283 3.460999877895663 0
4.757338410078755 3.567657510146778 0
4.718078110627351 3.665289992441656 0
2.548713176628545 4.572723735522997 0
0.7210858688920934 4.757755918246148 0
3.209171793610692 1.243482488252245 0
3.549395466829444 4.599719373801019 0
3.614525683727312 4.671833693654198 0
0.8001122446011282 2.659616781230024 0
3.632757545467358 3.457660295581443 0
4.620890350721686 2.73950656037337 0
4.683263876785811 2.817643384923572 0
4.760313814963888 3.316964671173122 0
4.820693439546854 3.399573631393481 0
4.621091551925095 3.686118309419164 0
4.695279112073756 3.759327412301507 0
1.985695985989023 4.835962314472385 0
4.43424563827636 0.8542896777171896 0
3.559846233828412 0.8359470570899123 0
4.376406975561989 1.046991113339233 0
4.186448016438336 3.19873030101441 0
4.155991980879631 3.284532147345358 0
3.41460482245744 0.7045854564995147 0
0.5741919570925665 1.81798451853985 0
3.092980512636697 4.835211809456938 0
0.6216267522037859 4.775987287506421 0
4.215700588856578 3.113539731305971 0
3.83892930528803 1.493980486024886 0
4.217795867560584 0.2369990437345096 0
4.758469104296303 1.422146184097212 0
4.785959973132467 1.327490013307713 0
3.855800340226448 2.649124571762753 0
3.916242941458346 2.722175074541318 0
3.883578894562081 2.814200781165641 0
4.448406241618574 1.002767085266083 0
2.933300408411743 4.76569341884974 0
3.57746178508669 4.764199310023562 0
3.674282097052812 4.746892078423883 0
0.2067401075638424 3.441351059566657 0
4.758470459411893 2.368127566212831 0
4.795892890330557 2.274435532286603 0
1.170320974084214 4.78330655617912 0
3.049464626774135 2.853496590281507 0
4.290104861802655 0.6526764252268848 0
3.281964081178948 4.113767812690891 0
3.342667262587667 4.192584527562784 0
3.303785695656306 4.28319794530253 0
3.732006482824206 1.267832585221044 0
3.709302245937417 4.660750232672032 0
3.75942037885499 4.742053651914038 0
4.037491430213351 2.880209353316096 0
2.155390675531673 0.1949906107643772 0
4.762392238484463 1.163037515676467 0
3.178113525753572 1.337587957152649 0
4.416372061926634 0.7629108763731027 0
4.775671291156236 2.805888192346029 0
4.742628754816507 2.897030288321119 0
4.646769346291656 2.908870254306096 0
4.708358689846809 2.985864274381207 0
3.359596965409152 2.286529262621497 0
1.607739753910518 0.6185667061430696 0
0.2242690672547717 1.784754802389175 0
0.1646845818937241 1.715776889663752 0
3.524337247900136 2.099598793382024 0
3.919328382387198 1.370903568049502 0
4.768217010260338 2.110480414212851 0
3.753854395815969 0.7110991945132616 0
0.2222092242186536 0.3870582237096822 0
2.509713082134003 3.275676756424365 0
1.184342339964808 3.126249451610962 0
1.086999990897421 3.14342924632104 0
3.490882303320904 3.703651392564989 0
3.453484528182954 3.613976632275749 0
3.39201216048404 3.685423968166745 0
3.356339213764286 3.597472212474186 0
3.503899272168269 3.539852272565883 0
3.942741805808251 3.40865456950448 0
4.000000000036742 3.335316279669487 0
3.420327092714925 3.942907201678286 0
4.175279748009966 3.438199952906571 0
4.278565268780682 3.378590460361351 0
3.53787928861665 4.366259739405031 0
3.442892274005178 4.354053949488872 0
3.524225563309201 4.468607642402379 0
3.689460124977114 4.50002027288471 0
4.388064467527992 3.554618110181377 0
4.373126484741821 4.447564072665129 0
4.471739404750883 4.475474825758814 0
4.549048405194552 4.411809469287546 0
4.56339553117578 4.505290362099341 0
4.492014351295699 4.573247146972101 0
4.58516598910889 4.602100834172964 0
4.638257967400534 4.440047832775079 0
4.512378519167738 4.669017801611759 0
4.606706506458588 4.698559819652862 0
4.679428824368586 4.631878721234907 0
4.418939244186522 4.640428829156808 0
4.439444846434336 4.736074840270391 0
4.344646864232304 4.706075278682967 0
4.623335092154274 4.348331493592875 0
4.725780339061716 4.357538177625281 0
4.691593657539432 4.277064046333258 0
4.733900817469931 4.467843599616759 0
4.700923731877029 4.727843786916422 0
4.817142849189713 4.408235929671539 0
4.770304378294441 4.662049384135724 0
4.584267748290829 4.073945408569037 0
4.593647121034566 3.973217072734318 0
4.674250577072717 4.037687853251263 0
4.691077121229478 3.939515806776564 0
4.766267144602338 3.993998434942462 0
4.754816504016643 4.096284260224475 0
4.783013748235334 3.901630886452625 0
3.943407136213904 4.578603350989687 0
3.992801887443587 4.663060170755284 0
4.100232121540385 4.66385362040317 0
4.045250609255573 4.75178468636551 0
3.946699989636412 4.748170991639295 0
4.144365381621675 4.756731408409853 0
4.19535951038794 4.669073900942836 0
4.405714914878554 1.228154599027742 0
3.740127290036297 1.368238612634285 0
2.970124094991547 3.040303822074575 0
2.87015153626753 3.052571820293722 0
4.629070146610156 4.794101027649202 0
2.379506291720193 4.771345232734609 0
2.47484725653721 4.7555786305391 0
2.281677966092651 4.791280109225504 0
3.744940456562342 0.6173005333681831 0
4.369086465137044 3.446664560473184 0
0.7611448859718465 1.356375908353767 0
3.100357858462028 0.3334329585983854 0
3.034961122871047 0.2614263818709438 0
2.214073822030273 3.325411163240528 0
4.812957519715663 3.653655812500958 0
4.466168920531081 3.490933770979398 0
2.243206757268321 0.176678937712664 0
2.319916759323424 0.2463563146784786 0
3.255760189462927 0.1401279777093213 0
2.991300667866499 1.098944772955221 0
0.7314305305800787 2.585318695403997 0
0.187640026525184 1.604670405615345 0
2.057518179024525 0.1971757965623587 0
3.231588158120251 1.409182840145053 0
3.896749779919494 4.659686468913019 0
2.257086278224364 0.6016742360534436 0
2.166462186974328 0.621575960255492 0
3.51685730549427 0.9477190334187077 0
3.452082777489284 0.859725704824575 0
4.154982105834963 0.157889493338326 0
4.058110280013083 0.1746760203461435 0
0.1963425217726512 4.398806163264068 0
0.1783448279270053 4.508048662417038 0
3.345193273235736 3.876554268946266 0
0.974815029372114 4.815319922451219 0
1.273850307460731 3.110858451688832 0
4.780795519722469 2.535447441272049 0
2.747432551407171 0.7973468622946577 0
2.680821840425695 0.7242602089709649 0
2.804304774225121 0.8772429992224593 0
0.1677915232551525 0.7419768205380386 0
3.647209372598145 4.837962844301419 0
4.507080769878042 4.265986652057224 0
0.6943146724501813 1.544836137335548 0
4.818846429610904 2.012090425831093 0
4.748419789641117 1.932887990714679 0
4.257621711791613 4.753758154854702 0
0.2046142896803214 2.04781536705446 0
3.292369700785693 3.674941947673858 0
3.2632684178156 3.585863145742706 0
3.320873832702699 3.50553704168506 0
3.198852882484324 3.657902415642286 0
3.086189441092032 0.1736110831443948 0
2.973122632655663 0.1845963912147955 0
2.937434054964959 0.2830437915190192 0
2.870911597921243 0.2132847510255332 0
2.838991631941775 0.2986088374995739 0
2.771461454007142 0.2294666123081887 0
2.725069946215413 0.317041533591951 0
2.683541160879803 0.2359072300130067 0
0.285714509030819 0.1830528930333602 0
0.1820039294126486 0.2211589710716671 0
3.805180908476141 2.560598896478615 0
4.168007863502982 4.560496748387392 0
4.787352870547184 4.75828621392633 0
0.135436728089435 0.8366884568395428 0
1.394877485185845 3.267666907114572 0
4.236634831191147 3.278510015963798 0
3.512699023551142 1.053956948583548 0
3.769145057693482 3.359442690668783 0
4.138952687327039 2.863108849197404 0
3.285639355579042 2.468299859960223 0
3.576934782299677 1.103177691867282 0
4.654177891365793 4.149497003765824 0
3.232806939702401 1.62516219274411 0
3.328493162434785 1.662217797893772 0
3.353850842988709 1.757780682330333 0
3.305195370644017 1.57190811382723 0
3.281886171213107 1.828152957447755 0
3.380932574378141 1.852443343004632 0
3.319992549409027 1.923367007040863 0
3.41397288529724 1.945256783883105 0
4.379369458162601 3.355047916086094 0
3.263712680159569 2.159252183014895 0
2.564095736445634 0.8509123285434581 0
2.572198399153054 0.740409584041674 0
2.464061423224139 0.700104565652677 0
3.955996913718371 2.63141913717211 0
2.364290863121107 0.7557211933634874 0
2.383324811108952 0.6599656536730621 0
2.563127923047969 3.161280023169293 0
2.759965208818283 3.05435511070596 0
1.535940848653176 3.202713063473987 0
1.626628129115168 3.233865452512426 0
1.835548990254106 3.273795051720658 0
1.769939288487485 3.34170073553051 0
1.941696244191692 3.297679793866893 0
2.008355555311332 3.369850848385849 0
1.093183142227646 2.907912574376084 0
1.072320278943785 3.007728805858131 0
0.9982190445909942 2.939257220245195 0
0.9780779760283943 3.039332604226771 0
0.9110490504490953 2.976985863882887 0
0.9091291526509463 2.862945704933215 0
0.8445614963512716 2.926763826464126 0
1.023047339457876 1.16606959083927 0
0.9945107059825077 1.066864490328597 0
1.06717897623568 0.995384179427004 0
0.9240574982617538 1.143878328074408 0
0.9683327599908778 0.970407671781513 0
1.037151907510697 0.9004375518407502 0
1.134902572404356 0.92791086632819 0
0.9402073328478571 0.872476993078925 0
0.8654094122886949 0.9485832283595992 0
1.018267323536647 0.8103073566324656 0
0.9548432648334984 1.246236386651341 0
0.8563634619881281 1.215209888596693 0
0.8325175458075488 1.112694634603535 0
0.7532900275210288 1.18154300918291 0
0.8365596595339444 1.435547446149954 0
1.242515620022753 0.944098669777938 0
1.255692042208259 0.8477672188996441 0
1.334388788821076 0.8088853002055431 0
1.258648462043966 0.7484490948267495 0
1.168962120924856 0.7993064578625473 0
0.800455978314626 1.532120325220419 0
0.661884711654951 1.642740925422995 0
0.7254826390852434 1.736178220231613 0
1.740076371508368 0.7508970889394879 0
1.539080232094646 0.802842117271394 0
2.038033705384592 0.7192540214480779 0
1.842405904326856 0.7363920528053362 0
0.7186079537874341 1.94884664016573 0
0.613748361773606 1.998375563113639 0
0.632001133618143 2.110562659229428 0
0.7694730204385802 2.362949516073241 0
0.7071848550706953 2.435681999625315 0
0.6581824155720561 2.332236295739755 0
0.646927432437943 2.216938976434455 0
3.168234030032339 2.739834324640545 0
4.524461191437571 3.721990793175861 0
3.868292493846137 3.344967550327079 0
4.293778106876855 1.35723006442795 0
4.396838529510815 1.390484299075442 0
4.315177847238852 1.450837249591282 0
4.250106978675799 1.52322791746329 0
4.342542907284674 1.545178865036462 0
4.278974495537416 1.613369719701014 0
4.186247570554322 1.58479156729974 0
2.441555725005357 4.853911556384889 0
3.646886599813207 2.250260646387107 0
3.708632865407248 2.326199319766278 0
4.360479554172885 4.796803969980023 0
4.460882163616396 4.832628090778504 0
3.423614054579972 1.68793057439396 0
1.428526542600372 0.8298353484286201 0
3.053974131236531 2.756414416663676 0
3.737069136675897 3.471044822434565 0
3.350657343103612 0.8762985082050507 0
4.805867894774374 2.97419188353835 0
4.770539712739569 3.063162112245927 0
4.864733084516017 3.056513460349227 0
4.833612713840536 3.143022867548096 0
3.195425054418357 4.829452030946389 0
4.32409212181274 4.610844062686294 0
0.7263057859529001 2.156263737010705 0
0.5424466629853611 2.174838178584615 0
1.019024838718358 2.834168537466684 0
0.8608702225244124 2.792609486742251 0
3.740608952981179 1.503432624893956 0
2.53779131186168 0.6460305542658414 0
4.503988929973143 0.1809032300853554 0
4.571860295073088 0.2602114059089063 0
4.436896430792089 0.09169045019471958 0
3.487251631455879 1.874329801320042 0
3.762577244648019 1.667034351065313 0
3.259046493928193 2.266286038440147 0
0.8313508380921408 2.561341376624847 0
3.330350210978896 4.009891594946178 0
3.437895334928784 4.169444105274947 0
4.858316600221508 3.961975834472744 0
4.872500124608346 3.872507690894049 0
4.799577423021226 3.799625862159238 0
4.335757490464069 0.1341406422865833 0
3.22144813247209 4.032174887059004 0
3.121832830727683 4.051034108267308 0
0.1907853097766742 2.570489308853777 0
0.2281805000394226 2.481164826131976 0
0.1549990851774841 2.674068669471646 0
2.394715279585698 3.552193826208032 0
2.96242997430291 3.989660357714865 0
3.647736883802517 0.5889148343408843 0
2.493529920248972 3.53817160064272 0
2.358972657336042 3.64506521565977 0
1.10262471597774 3.310343834556403 0
3.340198597029472 3.776856147025576 0
2.224245677900694 3.751855003873584 0
4.504123391571133 1.378323386107335 0
4.531998362696451 1.025626747406704 0
4.373426562411039 0.5436406846137838 0
4.026224834216906 0.5164951315341624 0
4.120172513583724 0.5004922414564453 0
2.18782421902604 0.1005351126051273 0
2.426051987266439 4.418167938138689 0
3.826187519573783 0.5573368384952962 0
4.365499754056607 1.741505979464096 0
0.4848931815358025 3.226683875295531 0
4.490761261801772 0.7039819993828089 0
0.5102381905706144 3.39766175325214 0
3.85219426564965 0.0888832724623549 0
3.900000615976643 0.1724997283713621 0
3.801564083674414 0.166961895444968 0
3.707381961155484 0.168424769265524 0
3.651975125177476 0.08614382665330862 0
3.612473779457088 0.1727294134064518 0
3.552587724721199 0.08641127110388022 0
3.507430595786271 0.1740564082900904 0
3.54960486710235 1.275805302584172 0
3.488104888409645 1.201821917576975 0
0.1463956556501784 1.961062501039963 0
0.1492131875155899 2.135378274320365 0
0.250466306295076 2.140227585967205 0
0.2386099407130211 2.240327487200632 0
0.1281094378358262 2.24390376748315 0
2.988095155975313 4.159300764690093 0
0.8900999311093076 1.042660458347905 0
3.341425841904028 0.09492686742110462 0
4.913645571189535 1.849972818856594 0
4.834140614493674 1.800583000507713 0
4.829727227613191 1.703158335416547 0
4.738668997957558 1.764425153979885 0
4.912988858299006 1.65071018806638 0
4.831623996494878 1.608411759222507 0
4.914517748965551 1.551956878406797 0
4.820855998174204 1.503804302557327 0
4.913505602309266 2.050187308625311 0
3.93253623493682 1.46680315018835 0
1.169591274055082 1.019538265689683 0
2.705091493260277 3.94157651754788 0
4.913816065454306 0.4495903697520576 0
4.827338797228333 0.3999763612942216 0
4.827238986670682 0.3004833227652273 0
4.74469772776865 0.3502862326040199 0
4.738613750722256 0.2538216722687522 0
4.748487962496801 0.4445271957181871 0
4.833288152651309 0.4905130549230882 0
4.817785685825981 0.185222838661019 0
3.848162860832263 1.908708995051671 0
3.884437032806686 1.818328106559999 0
2.421262565178113 3.723050582761103 0
1.747664708707025 4.259735094031698 0
2.741278199075721 3.849327057941236 0
2.839226376974203 3.834650097586124 0
4.901709451141778 2.258005816233225 0
4.900242074993854 1.059557705471668 0
4.913559929766041 0.9497185934540213 0
4.847743765032849 0.8979122946142888 0
4.817172749537076 0.8120219364111088 0
4.91314429945405 0.754987378392889 0
4.89735679791908 0.6505551150995217 0
4.916103979802304 1.254165725141808 0
4.922545845883995 1.351127098420871 0
4.652335711262412 0.1009122689029303 0
4.915528781250801 4.149136885374158 0
4.824959239200963 4.197582778287498 0
4.823933616367502 4.307956779316703 0
4.911843215768337 4.354746299518307 0
4.04635127077961 4.915268441200012 0
3.846898879863986 4.912659639009309 0
4.247197042108672 4.91455857152931 0
4.828836807594611 4.508012617369364 0
4.417818234410284 2.07808544814232 0
3.943831624698543 2.892158024271823 0
0.3902026452858751 0.8879737021347996 0
0.3539308588561224 0.9803216812406204 0
0.2607186623265921 0.9909375355647203 0
3.986399167189714 2.791336461907879 0
4.346835045383533 2.261916658859755 0
4.311084774908417 2.353792966594159 0
4.249907089318089 2.276230471733131 0
4.373039890330841 2.429989187757203 0
2.937744156781076 0.7723320293171266 0
0.699506918174337 1.278400351381161 0
0.6766134553639287 1.104235364702032 0
3.584912938339205 2.174906486967142 0
3.17340824947212 4.39149904828224 0
3.267659708057622 4.375187781229116 0
3.327319892660276 4.454397008255808 0
3.675003457415687 2.414179265623623 0
3.766275177141472 2.403909942965681 0
3.733652587146977 2.489237952090499 0
3.209514774539611 2.647576010926047 0
4.327464746175894 3.032845764539795 0
3.602961008528438 2.596825417163995 0
2.607052822333608 3.956096521970939 0
4.910384326069772 2.444874841330565 0
4.643228948119033 4.898133071264126 0
4.919815879165306 4.648668021870951 0
1.908956320941638 0.5704548611807911 0
1.709867864064885 0.6012974893115599 0
3.688938436469855 2.843104200745859 0
0.7214322379209592 2.849297772018482 0
4.913397459621425 3.449999999997639 0
4.834273997542243 3.502903221922955 0
3.449224122558856 4.914384231428548 0
3.500926779419498 4.829580578665798 0
3.405588296390865 4.811596433607797 0
3.350574068737774 4.911021102025476 0
3.298897694093657 4.825853851485437 0
3.236343002426088 4.739862629170482 0
4.556523299758686 3.614574527149856 0
2.846225878018417 4.91642088953976 0
2.799622483561165 4.832559671458867 0
2.700206660498425 4.826841526724883 0
2.661311462865364 4.728157592783206 0
2.606281252008753 4.813177183423221 0
2.650599038974865 4.910799786407839 0
4.913433900582766 2.850063117593251 0
1.507266387687331 0.6356778892963494 0
3.177670013677382 3.433222566455266 0
0.763019394173879 0.9216999125169962 0
0.5156209958642208 1.741244841736225 0
3.700000352959024 1.591027690550566 0
2.27614210158711 4.092766452485163 0
2.239751150357053 4.185502232877251 0
3.801423258827683 3.261090207996598 0
1.991703846133211 3.874081597691927 0
2.027777866878743 3.781311944062543 0
3.591444834960128 2.8575545078449 0
2.749984168385041 0.08116384439675209 0
2.14144502625144 4.200446634208891 0
2.043131943703132 4.216368991045194 0
2.875339198711933 3.742155336523472 0
2.900854699965878 3.912062175532235 0
2.890257267373601 4.174028314515722 0
0.7487706202707869 3.017946226795953 0
1.333309596535899 3.189554145163471 0
2.18850453923454 3.844594933157412 0
0.746484941966425 3.972424001696654 0
0.8451295432962866 3.957676912691554 0
0.8817377954095007 3.864956413608267 0
0.9437304772714378 3.9428987379094 0
0.9073918004149514 4.035924590212892 0
0.8209765530734142 0.7364731823983611 0
1.947367293914973 0.084227375420211 0
1.901647529368477 0.1618193828165548 0
1.800418112963146 0.1680916602547633 0
1.750139805762462 0.08576267627168244 0
1.700271464789918 0.1712263549615444 0
1.600307219701574 0.1729243279894175 0
1.654961762694766 0.2598171866215646 0
1.553150883493615 0.2613117681326499 0
1.497683161683084 0.1758624045948587 0
1.452644949229796 0.2714658300094808 0
1.41567648085113 0.3661893741769172 0
1.352068822059526 0.2899143393395923 0
1.383729879799531 0.1800142144909781 0
1.284115612542237 0.2085631210502027 0
1.240956202733264 0.1064719446743499 0
1.254434671151812 0.3105899090475665 0
1.177421728367486 0.2160247756243142 0
1.154623524505554 0.325090516280183 0
1.079953521949329 0.2508777136317734 0
1.058381746223172 0.3455106491149516 0
0.9914438848221574 0.2715130550412004 0
1.141369024388933 0.1360277941576258 0
1.124967924140242 0.4223650669455659 0
1.549699514100528 0.08710805932397245 0
1.446192293640281 0.0883042948275468 0
1.459389460767835 3.344093239063384 0
2.10231973986274 0.5452817948978954 0
4.470240221693866 2.415840104666993 0
0.8766489285203145 3.170662083868176 0
0.9814495464906203 3.14190133072243 0
0.5044636257695555 2.004191533753479 0
0.5925531045481964 1.55816597125773 0
0.0825075554899425 2.450158565525004 0
2.679478949129556 3.771502979344309 0
4.914631963222161 2.653967750848364 0
1.908787913844878 4.323066061601976 0
1.678955715557687 3.486960358469781 0
3.726718283644376 1.757038899869018 0
3.701095482782005 2.581037799608839 0
1.776843552406835 3.477305694418134 0
0.6391465766369148 2.59635951257447 0
0.5758858883424709 2.518259369851443 0
1.310364104463295 0.657261818591796 0
1.09043036719472 3.572960199137759 0
1.127082671633053 3.48039743620519 0
1.189023076569744 3.55827088900663 0
1.251195065521856 3.63612944252104 0
1.065033399374923 3.402501296541756 0
1.794743401544138 3.903605707800658 0
1.831257079745439 3.810964324973753 0
4.320911453074809 2.092981863454299 0
0.08610006725231495 3.249425741060846 0
0.1715894542497373 3.202367623590835 0
0.1716914710461062 3.296193277133401 0
2.949959814489795 0.08657933926524114 0
0.1004812145802098 3.447515573313574 0
2.550051383696403 0.08615047347119598 0
2.607855653042388 0.1855107959026153 0
2.506579439381774 0.1721452316377984 0
2.54783327389066 0.2593476930014748 0
2.451462977017047 0.08617785347729552 0
2.406700900557728 0.1785792423282742 0
0.08637140335956184 3.650360439553578 0
0.1722245623897025 3.596806294338858 0
0.1917001517662359 3.697782448350993 0
0.1740748898855135 3.803011773121582 0
0.08669241155739384 3.850355258491924 0
0.175264632865229 3.901742061587898 0
1.21450135985838 3.728754907893043 0
1.313097387091671 3.713932358999918 0
1.375003267960337 3.791816698531473 0
1.411656221615876 3.699198500652024 0
1.338603208555258 3.884594363134033 0
3.312819408956007 3.32988350682548 0
0.7721344326036245 4.143510962121361 0
0.08710952930808764 1.450271299224623 0
0.1731255372910314 1.50000000784101 0
0.1727781689857265 1.39931406193861 0
0.08658677415351101 1.349972692097372 0
0.1730513288151723 1.299923832590818 0
0.1731100569888738 1.200091164367444 0
0.2574893184152088 1.261034087579512 0
0.2636544646279504 1.152739648976353 0
0.1695388470703502 1.104394929223585 0
0.2593638548864972 1.356485824243217 0
0.6289995871990534 2.85882857792589 0
1.749965851237547 4.914048400789078 0
1.700000059601604 4.826950231104791 0
1.601429456172287 4.824255706748875 0
1.653651790924981 4.733234137057089 0
1.747194125248846 4.745733228071497 0
1.713793998449 4.661555650245051 0
1.550241613366516 4.913943502981414 0
1.798078568607895 4.833923040450546 0
0.50070949844241 0.6095496108959335 0
2.261244366579998 4.899701371852976 0
0.4986895623087283 3.660599093025645 0
1.350623779111202 4.919880541077269 0
3.811020714375833 2.997678533285629 0
1.152953950646896 4.895915019033722 0
0.08595855267631169 4.049577642050405 0
0.9516113147101196 0.08703031209846568 0
0.8500229007753011 0.08658931860874357 0
0.9000000043431209 0.1731457866948591 0
0.7987404925587454 0.1653450236167826 0
1.04192841335437 3.231349470421319 0
0.8343130274728114 4.221696642234465 0
0.8708863244594491 4.128805615562307 0
0.9696098754278488 4.114157487663614 0
0.08493619930321217 2.949567228158869 0
0.08730570834809673 3.049494227212923 0
0.0817514980389141 2.746920800680579 0
0.1731364269733917 2.800000005786805 0
0.6499999999994027 0.08660254037820947 0
0.08806809823202552 0.544910948473427 0
0.08660689523282039 0.4500375545176177 0
0.08507438966009584 1.04909735192034 0
0.5518326498373454 2.347578134928224 0
1.437130877017665 3.869861182882905 0
3.05984289327328 3.973857783781997 0
0.948285572933619 4.913270594740463 0
1.075402167680026 4.811886718573728 0
0.5484655304589842 0.08571187273837708 0
0.4990101552639432 0.1723837395382715 0
0.3988893410128301 0.1787364530840206 0
2.374435665299553 4.077850360121689 0
0.4649439689753309 4.451697794143685 0
1.51003326695646 3.684561155555219 0
0.9664674070254804 3.417179276369309 0
4.558519048936823 2.661892185938365 0
4.461081288785707 2.675733643048416 0
0.3500232325894106 0.08661595263230196 0
2.069628260768262 4.386530958594563 0
4.913406356804728 4.849984589626251 0
2.049088762669273 4.914497740874472 0
2.087443752090168 4.827711831195468 0
1.696207684198508 3.918359771511176 0
3.580167934125079 3.117914416265851 0
0.08734295030536683 4.250137553824528 0
0.1773316313594482 4.293143969339809 0
0.1727788970041266 4.198715036220012 0
2.690307294146364 3.50960737609704 0
1.768947707862385 3.73305102911325 0
0.7496532166378521 4.917272714444325 0
0.7861289005552412 4.834694183017305 0
2.296423250208574 3.566743715766703 0
1.031727968898482 4.192265402479345 0
1.068329974948104 4.099492449585297 0
3.209249894970401 4.299298476740381 0
1.929530487937625 3.796192986384017 0
0.08767046250177875 0.2546143050632852 0
0.0857159462467742 1.150600945037505 0
0.5507971144615694 4.915476243736263 0
0.4509304962709913 4.91079574090496 0
0.4004524872595843 4.822363478912798 0
0.3030268616761657 4.82775563156222 0
0.3484689282779053 4.736074929533194 0
0.5177717228650822 4.814835235964629 0
0.251326158495692 4.914027384316022 0
0.194003396152665 4.820753421918658 0
0.6011224450043585 1.292677906596172 0
0.08660244777635412 4.749999839608455 0
0.1835645432468463 4.705790818104635 0
0.1855747820660033 4.610187662377038 0
1.130407407712602 4.17756233190853 0
3.786339750691705 2.829125797745522 0
3.993461115019986 3.240297641907105 0
0.5636116955345878 4.43700068620205 0
0.6478216605528567 3.987252928617322 0
2.886090291567337 3.480648863293141 0
2.952081574200398 4.251530924633137 0
1.51394501124952 4.382075542664055 0
0.7866184969684276 4.578170386176705 0
1.082725342281688 4.534175977054304 0
2.063800953596568 3.688758165716935 0
0.1952372976822689 0.9157324742839364 0
1.288178406303876 3.543709541493032 0
1.98096323283147 4.137441573723272 0
0.5525395997283201 4.701110722945931 0
2.658097341635745 4.295737953421296 0
1.280137198265788 4.504580509552961 0
1.260517662655885 4.765171721398695 0
1.867230922776514 3.718231293390451 0
1.166997328167355 4.084826264026902 0
0.6002232846931376 4.344088818600799 0
1.711195685289802 4.352139914900073 0
1.895954604833094 4.586312295703953 0
1.784063877709243 4.166976313855407 0
1.524766312927874 4.118486652548877 0
3.023978153483829 4.066901832539648 0
0.8232984067291668 4.485590440704829 0
0.3888156811320825 3.938097642931938 0
3.908177513693517 2.983380436719529 0
0.8086452736633696 4.0505710876798 0
0.4760350790704142 4.187841753408843 0
1.503153794431976 4.646006967570576 0
4.155224282370654 3.033992544428017 0
0.7349455999701264 0.4879490676691843 0
2.157448035158149 4.635239678111947 0
4.118821291672996 2.380860200382827 0
0.7949795127447432 3.617014800860626 0
0.5124867818100453 0.3457260065108612 0
3.092385150660046 3.190575073096703 0
0.2780398842214278 0.4674481814922736 0
1.104925658820331 4.006793506484066 0
0.2043738314161476 0.6530847109840419 0
0.7075810399451148 3.368681442501587 0
1.164602145065741 3.388134147040213 0
2.668833411897462 4.03376917203746 0
3.388785011753555 0.5473788656986679 0
0.3612080548459796 3.070850058719164 0
1.218038369071776 4.426493769602331 0
3.382830314517268 2.456586929495499 0
4.824044028098999 2.711000960405457 0
0.2738833354860318 3.948916250483194 0
0.4086879298158778 2.71591076962789 0
2.322856804071443 3.737549655903506 0
0.5626820779267377 0.687699940637835 0
0.5015779608053705 4.358830316063781 0
0.5258425218283433 0.780409169646024 0
0.3977094635899604 2.978620522460136 0
2.079393529129903 4.122735047376894 0
3.543989460401727 3.209382726249021 0
0.3226583107023153 2.467391744759347 0
1.846309463328832 4.244887433901239 0
0.3545936376726788 1.405917936022146 0
0.8334676313328551 0.473552682835595 0
1.816372824219754 0.3314138452566641 0
1.620569066661975 0.3557657691008507 0
0.2827615853238246 1.862665316285372 0
2.833119690922253 3.140983834185765 0
2.018903683191854 0.2996962790567905 0
2.275761704742413 0.3476101601005376 0
1.006275264421941 4.021501001720215 0
0.8680186563073354 0.3780376363476661 0
0.4270306924715501 0.7950224312587485 0
3.371114820229849 2.717327007356935 0
1.426210640246016 4.133243580402398 0
0.295827914127852 1.59944662414626 0
3.900416739584838 2.243027630630855 0
2.922299978813112 3.38880365287015 0
1.866438636802232 4.673580379459615 0
4.651872967486456 1.951385691401145 0
2.221537529615066 4.717204944520422 0
3.935516345903332 2.152158166841401 0
4.163394227176085 2.031155794136207 0
3.446498092422943 3.223920477038541 0
3.944938786315302 1.894308765719083 0
0.6455574063169356 3.290678424030656 0
3.360193454445489 2.978070743818076 0
1.389658829179915 4.226048652568018 0
1.181423205441154 4.519360710666206 0
3.611920082856602 3.554711695226381 0
0.4395426498498005 4.280727675235559 0
4.912318280262353 0.2477221892772105 0
3.411394542609735 3.521161818501442 0
4.171956421462403 1.773924169702674 0
3.166109195211875 4.65546877592633 0
2.436314367117136 4.15538984321076 0
1.451795800662476 4.304061807174863 0
0.4525187483849163 0.9656304737395063 0
2.94148567397175 4.513345588786057 0
1.020651451868483 4.456024170569382 0
2.71926599934833 0.6331738328357934 0
3.847155580051521 2.906172989062019 0
2.385005252521625 3.815404056979306 0
3.420186693697394 2.365002066252162 0
3.262440162228012 2.992612137456956 0
4.241785913889329 2.534146431267095 0
2.719927530961715 4.373235404482543 0
0.3132453852561365 2.727051521317885 0
4.578531453198563 3.085979377338179 0
2.877441410296023 0.4408847640077523 0
2.372744461497875 0.3354280192758444 0
0.5468204670380801 3.304958729937262 0
4.639066794032566 2.216349119866456 0
0.4160355823566542 1.05797983552171 0
3.410991110534991 3.314347625852344 0
3.38099203272864 3.420084749079895 0
0.1873332029683734 1.873221725506744 0
1.612475126138165 4.367121607156968 0
0.340545556226295 4.295371137097178 0
0.9840427289543024 4.549056465801089 0
2.97405926361995 0.6809993394608768 0
4.726206000321604 2.461822323234631 0
3.226228410318456 3.084357234001788 0
0.2645688172199623 2.390991665143081 0
3.623231163452086 2.026804527034605 0
4.701652021155881 3.240429851955107 0
3.271622596478272 2.729488123075981 0
0.9808807346593806 3.850681990786577 0
0.8853377275012214 4.563765872350301 0
3.203089019452386 0.5671227672713386 0
4.028080252587536 0.2676790845212665 0
0.9188356877476134 3.772745726703317 0
4.589944527215486 1.875507030320286 0
3.242417623669081 1.152295269872736 0
3.261540960836977 0.3947423048550239 0
2.824614698949512 3.40340641991444 0
0.8199321532144634 3.787208968001299 0
4.535236103071352 4.761244882422078 0
1.44834507342208 3.606684158567187 0
4.356387062771915 2.001381507642675 0
0.8487668632974508 4.654360036608169 0
2.905279247536298 4.605716043396905 0
2.338231965799121 4.170129864269915 0
0.5606297135789505 3.73853785331263 0
3.83897726974173 2.167206521267618 0
3.128626990777479 3.098888607991088 0
1.349842294568121 3.621444766403328 0
2.72677368102348 3.418012227487321 0
4.74731538592061 0.7383569776184811 0
2.12606943591859 3.76663158247158 0
0.5359221120652622 3.568315912779589 0
3.920474402309508 1.72842780753622 0
3.447168390596169 1.537422437116785 0
2.683589437471226 4.465580743261353 0
3.096517004008351 0.8339301320480057 0
4.529105624257486 0.3537169032785941 0
4.279414916931496 0.3086178686176037 0
3.113125682246769 3.625210974400912 0
2.628749443769752 3.432624875137479 0
4.735219538527616 2.201204070644033 0
4.657678350982652 1.691539713154829 0
4.687758370791378 1.860697396251562 0
1.944852946701982 4.230269416504549 0
2.872348862536417 4.695920096474006 0
4.668695381457482 0.4972569611045298 0
3.067148603631163 3.022189913065641 0
2.936773705048113 3.819588000438764 0
0.4735625101226297 3.490099174004911 0
0.9999999999984127 0.1724957238938858 0
3.181677705766337 1.076004009714242 0
2.152015672401443 0.7191796295810919 0
2.998370203962435 2.938235093576526 0
4.731315677642035 1.255210403245758 0
4.719032873867341 1.511834099990772 0
3.327825288698078 1.39162328553964 0
3.925136975457936 0.2721057693721444 0
2.585599634932679 4.480362363519042 0
0.7583153561551443 3.709363561117025 0
3.737098588361354 0.3227547945090287 0
2.930846795765609 1.023339300148646 0
3.803603641438913 2.258316378212514 0
3.548624309684918 0.3500612138255862 0
2.007189172453439 4.308521883636413 0
2.302148997309422 4.262968575972144 0
4.796070079383389 1.073416219066987 0
2.364128608449523 4.340851160134598 0
0.6595926517430392 3.723969721359158 0
3.803394726177321 4.825962135194163 0
4.224565898812405 2.107630013134177 0
2.328252672493224 4.434057547520032 0
0.5216237521183547 3.134414185283707 0
2.999360574101346 0.8484554396881256 0
1.027576940046745 0.4423107978054807 0
4.436152246193387 1.552305475425733 0
2.903963105086929 0.861741270605819 0
2.531229868253544 3.447039337135409 0
0.1763481539382881 0.484101198602397 0
2.470235616406208 3.371751702248487 0
1.470845302429621 0.7249554865028696 0
4.658618580620518 4.535527180064866 0
0.08598072883663112 4.551077009183165 0
4.28560301036483 2.184602558720055 0
4.914209951462976 3.348592722847206 0
4.664211780655641 0.3032750372299744 0
4.651203527550318 0.2038270777558588 0
4.311974411060717 0.2224911905386087 0
2.487671119254846 4.496006463012893 0
4.153841933506059 2.290112897042042 0
4.903959174815556 3.652704360054372 0
2.451772584509858 4.589240723479892 0
2.51250204877279 4.662304109659598 0
3.146766388143522 1.166453172576139 0
3.274664113167716 3.421720857071384 0
2.736682646313921 3.159116351551441 0
3.823692660041785 1.742830963318781 0
0.6130056572385159 1.727781472449877 0
0.4229523341238924 3.148563930198234 0
1.322363532084609 0.3964858077262597 0
0.3243053776542359 3.163002165786634 0
1.011563247101832 0.7151328520141785 0
0.1685107798741393 4.10029412622541 0
0.3190205135262467 1.070939482913544 0
4.399519113330516 2.598314163188648 0
4.215095384758012 2.366957071953899 0
4.205868613544787 1.679005973570129 0
4.5859755609186 2.831780158645913 0
3.147839602868705 4.916599138498739 0
4.751315430997909 4.566600818407876 0
0.8931180050329688 2.653624209474093 0
2.748962964344132 0.9560754551418406 0
4.276535900060943 2.443674288047542 0
3.151658030989235 2.562796065978345 0
2.313259694009835 3.312489018159955 0
1.663563399579504 3.321137975464966 0
4.338213421461285 2.520943928753378 0
1.501076652066968 4.82855532933838 0
4.174344357311432 0.5719203812999261 0
3.321656881431953 0.7163122676219384 0
3.941539793564347 0.632297021324643 0
4.524913625955328 0.8556990840501633 0
0.55177927297723 0.2556551560937319 0
0.09198830400523378 4.45140543779122 0
2.076966195746617 3.434085137613589 0
4.364175052441604 2.688759945445924 0
3.899683619005387 4.830307130676299 0
0.2672908675016219 3.779791125731594 0
0.6388974505040553 1.886619876239417 0
3.323203275611969 2.373042501835794 0
4.426181668713165 2.765377725984401 0
4.720308790935346 4.822215194077702 0
0.1744475304979229 4.001537782504252 0
4.833868814348147 1.900124922965458 0
0.9622857961274462 0.3607707918823755 0
4.522654816387602 2.751680488960415 0
0.08644397939909135 1.652346029045246 0
0.2570416481806337 1.448718231481777 0
3.637167049318391 1.261393780837201 0
2.465209712262022 3.192230318411874 0
0.1704945824699613 3.103980842749178 0
4.549274687841725 2.920207202602981 0
0.2452217584937445 3.354714113410955 0
4.610741794132889 2.997217662457099 0
4.850738707973147 0.08331530503383885 0
4.849316944837381 4.922534080880806 0
0.1527715813901301 4.917715603318655 0
0.1543562560757484 0.07819225512547034 0
4.06494462926641 0.08313334520239252 0
2.190868054393763 4.821202534385144 0
1.756641791449628 0.2533462755710318 0
4.672853574591405 3.074325186525524 0
0.6118191705848786 2.42824439860896 0
0.8968738100176791 0.2677394749833347 0
3.191176717736083 2.466893052003491 0
4.735749232901505 3.152061952649341 0
3.049999999997036 0.0801011699941411 0
3.99433131281358 4.830952394612607 0
3.57947240163349 0.2597910817031628 0
4.796610919146711 3.231816069546923 0
4.811240130197514 2.443860751229577 0
0.1686245888815089 2.409668124749043 0
4.596734085881348 4.257873416306206 0
4.735938150114844 4.195120143227223 0
1.869051901663905 3.362533787524347 0
3.467050716652404 2.021906843403356 0
3.667448161623983 1.42967460405767 0
0.8041759823098138 1.009595641421106 0
3.650361807418864 4.588866660376823 0
4.828557400419461 2.184127315021865 0
1.556611990920102 4.727972346125433 0
4.445239811141803 1.311978129785895 0
4.526870220388727 3.42530966935094 0
3.3582052014002 0.633701882634131 0
4.829936882331752 1.228998272213895 0
3.410625201249521 0.1749928182706603 0
3.049999999999999 4.921794686022339 0
1.949999999999999 4.921717483374695 0
0.8746109399402984 0.8076072605168205 0
3.336415706684477 4.736743191573602 0
3.44464551750996 1.780351705527242 0
4.399878414193751 4.547922937820984 0
3.395822268452353 4.266272055595763 0
3.306659926358698 1.482617730103114 0
0.08095595590010292 1.755688820434607 0
3.145804344031149 1.43985039030072 0
4.273355597278393 0.5683485329064812 0
0.698961208242902 0.1659292165498862 0
3.361547311935971 2.021742690879866 0
4.093441170670749 4.833425459795772 0
0.3465799676112631 1.238461387278491 0
4.450383237000966 4.925225832865001 0
4.408403655434622 1.137512092266756 0
2.824014750988363 2.972912382297024 0
1.569459679372752 0.7078390765505166 0
0.07650650449030744 0.7638627363273878 0
4.916292538816687 4.457097633881048 0
4.832987529959061 0.9898443365594835 0
0.6002589996941141 0.1690095827370063 0
4.924147701166763 3.140484813920876 0
0.1739437702690672 1.011244767790821 0
4.706927107641958 3.850818450380071 0
3.570458858781107 1.189227229094962 0
0.3025936950621557 2.302291160352014 0
1.211738309271897 0.6667979091651201 0
3.421780168850049 4.446181564415028 0
1.402010839452051 4.835468836206886 0
4.838839830705755 4.605357672944544 0
4.348217194891441 0.7061353946437213 0
0.1614141189802254 0.3180005605957857 0
0.810601441509756 4.737785716333362 0
4.196136434158284 4.835075760844973 0
3.47644605916392 0.7757859920548962 0
2.112728103638348 3.346540668186989 0
2.658021902400114 0.8153826543252543 0
3.298098410164099 0.558352413692616 0
2.628366602874662 0.6489800412143424 0
2.071076614685714 0.6335977308185061 0
4.833421200116398 2.888004459062561 0
1.860100168926951 0.2430941227947419 0
1.674047303392371 0.6871741547606216 0
2.557009342723379 0.5587053978569347 0
0.7897477923700574 1.272001165594353 0
4.418100553858016 3.274608039918705 0
4.132114900667377 3.362436135258453 0
3.641518842283807 4.92249304729434 0
0.1989814328980236 2.320838659987096 0
0.883726369705307 4.829424739610806 0
2.877318534671627 0.9468889063991821 0
4.848423482070169 4.102596989902112 0
2.989060940048165 4.840050157111065 0
0.9023064059444035 3.080631231954475 0
2.411598673854563 3.302819789874665 0
1.240329791027772 3.030781215127149 0
4.154129913544761 0.06445309626441763 0
3.673363231515586 0.2500235817374877 0
1.967669800196576 0.2278093777076756 0
3.231111185235675 0.4809327868592932 0
1.893913648222007 4.838412159736683 0
3.542001548321275 3.462946244249155 0
0.1655267943529696 3.513292132401662 0
4.615182646436096 3.887183895179836 0
2.702722345351819 0.1583718658017923 0
3.611842382333066 0.7711641356961071 0
3.852819604761095 4.744824089350301 0
3.791388185154687 1.428542721124168 0
3.172680151308269 0.1773288932592162 0
3.227036318654641 3.509325791365258 0
4.844036280371022 1.392545443511223 0
1.362892710247843 3.105744873744276 0
3.343499424152584 2.127718852227821 0
2.41141233691658 0.2645037495026119 0
3.05514517167738 1.174953918137614 0
1.978745650158615 3.456770955928752 0
4.750090582797627 1.657660815654173 0
3.393874585632496 1.609147924037284 0
4.286561799411285 4.837485872064114 0
4.168065826375575 1.510833912972268 0
4.826991298101126 0.5788283680586055 0
4.831469435610273 0.7212653653412295 0
0.2576624823530489 4.318400557052451 0
2.645301163783827 3.187452776376033 0
4.840037952257155 2.602267814997978 0
3.168079603594959 0.4072848268291188 0
3.088405114342197 1.351451325400823 0
4.814084062621868 4.844796335507494 0
4.72657351590525 0.1677915591730144 0
4.248392520345258 4.606393604266661 0
4.271854968639304 3.196224618529497 0
3.384309122128605 0.7892181395219998 0
0.7499446755247785 0.2411940713863659 0
0.233495346200699 2.733388576385606 0
2.525325071732623 4.827464890935634 0
0.255604029898675 3.618112073141697 0
1.100524363218244 0.8416248185665033 0
3.351324821136872 4.354409761740913 0
0.1532935606386062 2.900037866072937 0
3.974754124806529 0.1977440639745667 0
4.672338930829763 0.397862521846277 0
1.780116434403008 0.6713991935612995 0
3.750437505903087 4.57646239259352 0
2.967518303109537 2.822091050417712 0
0.06685755024739908 2.651776235907532 0
4.390959543261257 1.478656774350155 0
0.5510290397424084 2.076424301022562 0
4.842490928021066 3.303551197078407 0
1.715545117919159 3.406149957203743 0
4.187078461343735 2.950227113247781 0
2.567374139393238 4.735123597361126 0
1.307849081826423 4.839163981152813 0
3.071519136284219 0.4163835603808086 0
0.07011307167035967 2.163248491446576 0
3.122413998218798 1.259699079902544 0
2.155622896600211 3.260973533966577 0
2.903113377312967 1.107781863711129 0
2.623755552145747 0.2937386796093818 0
4.07211798498327 3.309232680000425 0
0.6914874528703585 4.843839289780272 0
3.992818621288277 2.701432257549988 0
3.811195555213633 2.470819107603762 0
2.267448197126849 0.07652881906810126 0
0.06586068574783704 1.951372162470187 0
0.2636198454390958 4.749224377307631 0
3.68779352821254 0.6722805135401225 0
2.999847917988811 0.3415801993540959 0
2.254866594096004 3.244867761562043 0
0.2507710102519484 1.528600301111205 0
2.35444315112313 0.5828303735885605 0
1.975395174863692 0.6432541031880651 0
3.36433440651569 4.107918182688337 0
3.584648275967035 4.521086667780111 0
1.372139388851835 0.725528571854738 0
3.270092964731897 3.841793554398169 0
0.162066176104786 0.5826000796397049 0
4.452520399962852 1.072310268613462 0
0.2440128636063798 3.858137161063696 0
0.6556811589310806 1.800993205542995 0
1.478925861571156 3.265097391776082 0
0.6619388093589852 2.515005896772916 0
4.485255127776742 0.7903506663963723 0
2.968316431923789 1.18239868313515 0
4.306614571845855 1.688212115630395 0
0.5742945561835475 2.26652938567923 0
4.481052250029132 0.9323438309457315 0
4.608009025487358 3.763422751243804 0
2.450446260064654 4.93781661053545 0
2.901030228808645 0.3559990024363072 0
3.724367485500775 4.811344121342472 0
1.137870009608002 3.054434137328084 0
4.490189311776308 1.205048335916712 0
3.762604336323828 0.2401845968175721 0
2.894090977795324 4.840791049746544 0
1.836317338536111 4.753896751547382 0
4.849557916213724 4.703969992777985 0
0.2495286629022645 4.561482401303729 0
3.4745543288599 4.530841732038179 0
4.583537115775155 0.1621351740750622 0
4.838840066590003 3.579192152286432 0
0.2380965109725804 4.147826224567608 0
3.988503494181343 1.394882217410057 0
4.22155885945384 1.327874891292089 0
0.1617447964441877 3.377262138198361 0
4.493945743073687 3.564780025246181 0
4.851390289980361 2.100026413668871 0
4.774882897709086 3.719616766928698 0
3.679205962476099 0.7496670364374408 0
0.8335900844135093 3.011494744263771 0
2.809328645403493 0.3768223164629192 0
1.982757971174345 0.1527878329685657 0
0.2445912697721649 3.164617642815058 0
4.131557067893946 2.780378273126066 0
2.805356203503022 0.1502126744469294 0
3.494506026499614 1.719082270734829 0
3.799384737263283 4.655851272009972 0
4.254246541509069 0.1665526025358794 0
4.936230770191707 3.945502611503743 0
3.249999999997342 0.0611189043200725 0
3.949438452894771 2.550733008433993 0
4.199821146759318 3.349037156362146 0
0.7571998392746997 1.081889327018485 0
3.647493689888881 1.072709443463433 0
1.880171010471112 0.65474645752716 0
4.275589742817851 4.670972175967995 0
0.1521900931795247 2.494921858883893 0
3.481696557691846 4.755027409008093 0
4.127214318969356 0.6340991481689029 0
4.92678712768728 4.926787127687231 0
4.926794919243147 0.07320508075678633 0
0.071666379141498 0.06817179645995274 0
0.0732050807568967 4.926794919243105 0
4.760828283904683 0.9034789208078911 0
2.729868301896815 0.3999926304463065 0
3.322963755061058 2.21541424374121 0
4.562467513242551 4.838047474813331 0
1.229078938592485 4.840506888822128 0
3.438032654913217 3.763135260016552 0
2.226655023206231 0.67366791494837 0
1.149414738356214 0.06179219940487166 0
4.844277444080657 2.350837246685272 0
3.512049435340878 1.129653744459264 0
3.680021148333422 3.521144864829932 0
2.912428035635332 2.982397452730093 0
2.324365552020332 0.1594102580317438 0
1.092796566891192 0.7618855164264128 0
0.6000001937876106 4.854874817480064 0
3.146357850076594 3.715164354566937 0
4.300097019464372 3.113858590005933 0
0.1492795458433781 1.798905465361151 0
4.325209310962539 3.280324570254428 0
4.221456928890685 2.876729761773801 0
4.840672920006907 1.137599640959074 0
2.108064025389001 0.1171217504535783 0
4.242509925262567 3.032135559820159 0
1.080188963103856 0.1748191732510534 0
0.2430259772058526 1.070327947725801 0
4.064265861627804 2.806118490462208 0
4.855471062039757 2.800296678752299 0
0.3284784060844514 1.31900477607533 0
3.846899286950438 0.2296237872750531 0
0.8539116226130373 2.723044470000049 0
4.034313373613625 2.64803977599862 0
2.729130455396976 0.8751568603973475 0
0.0562546126404167 0.8499999999999991 0
0.1991255700003361 0.1436072814783148 0
2.849022048938149 4.770303984654918 0
3.678500790877702 1.321400648874213 0
2.343761125505161 4.84548686315874 0
4.419074943774259 0.6944641914873421 0
2.302265465235263 0.6747361426444416 0
3.884302622955853 2.576373063406855 0
3.931828365368006 3.307871406786187 0
1.788071497667219 4.679564557096629 0
4.943213218042301 3.050296864483071 0
4.359137855885959 0.6229393757442481 0
3.730322774442789 0.5426807866888789 0
0.1420860070933455 0.4000163620364787 0
3.488316973313059 1.951279203731112 0
4.760441000456892 4.267052384957992 0
0.8451987079959347 0.8748792817545077 0
0.8079090428694369 2.84699415132717 0
1.045738204177469 3.075985085575654 0
1.185808347331751 0.8709972513729514 0
3.849306776618756 2.406644803184253 0
4.605922355316843 0.3528511078127678 0
4.007335857512116 0.5986419277609636 0
4.124958866716352 1.627651623503211 0
0.05444248428982738 2.249999999999999 0
3.441930174904963 1.02234030245454 0
4.759652792817331 1.577245365899357 0
3.270498321256789 1.981405936418353 0
0.7467678293330868 2.511071259718344 0
3.186628219907685 3.586529356626136 0
3.874121323476692 0.6105714898042048 0
3.787788348199177 2.330182097806565 0
4.770975984294989 1.851961642205426 0
4.860242053069239 1.302841919083497 0
1.810349632389734 3.407321108504538 0
3.459216814033742 3.46315274611676 0
4.946646740842978 3.849999999998251 0
3.726782551134703 2.254028633341137 0
2.897357008055736 0.1404180090639922 0
3.573558090091121 4.846693960352756 0
4.759638310806117 3.474464012334178 0
4.832534863235058 4.03130938931058 0
3.665403969772864 2.177970264534018 0
3.546676083107842 0.7566985132243617 0
3.372890478210643 1.535666912890895 0
0.7682278195691215 2.938033454495941 0
4.858078865496153 4.786641820443364 0
1.935404793936289 3.388372666916116 0
4.855070516171954 2.507835034366109 0
4.347283342232094 0.05664565893616909 0
0.9459269102730743 0.7888244436053792 0
4.640375205423448 3.821040292733056 0
2.563462487807001 0.3320022260706106 0
3.606411162251053 2.101024872435607 0
4.094697911884733 0.5759941234261265 0
1.696162536578969 4.584510967210668 0
4.546820701640815 4.337276950923981 0
4.84286852530884 3.719334012443071 0
3.481694323695269 4.408775723927827 0
3.54545669443735 2.024427824186107 0
2.47694476889912 0.2407731182402977 0
1.178682623223491 0.7291036631840367 0
3.734893147449036 1.432472140677519 0
0.8325169871200508 0.233663681363645 0
1.310775886108485 0.1439734787620416 0
3.865431115602147 1.426837251531341 0
4.75944047236244 0.5170654028901237 0
4.442702755518109 3.416902081881325 0
0.1819337178738115 2.198055725877781 0
$EndNodes
$Elements
7 6243 1 6243
0 1 15 1
1 1 
1 2 1 50
2 2 66 
3 66 67 
4 67 68 
5 68 69 
6 69 70 
7 70 71 
8 71 72 
9 72 73 
10 73 74 
11 74 75 
12 75 76 
13 76 77 
14 77 78 
15 78 79 
16 79 80 
17 80 81 
18 81 82 
19 82 83 
20 83 84 
21 84 85 
22 85 86 
23 86 87 
24 87 88 
25 88 89 
26 89 90 
27 90 91 
28 91 92 
29 92 93 
30 93 94 
31 94 95 
32 95 96 
33 96 97 
34 97 98 
35 98 99 
36 99 100 
37 100 101 
38 101 102 
39 102 103 
40 103 104 
41 104 105 
42 105 106 
43 106 107 
44 107 108 
45 108 109 
46 109 110 
47 110 111 
48 111 112 
49 112 113 
50 113 114 
51 114 3 
1 4 1 50
52 4 164 
53 164 165 
54 165 166 
55 166 167 
56 167 168 
57 168 169 
58 169 170 
59 170 171 
60 171 172 
61 172 173 
62 173 174 
63 174 175 
64 175 176 
65 176 177 
66 177 178 
67 178 179 
68 179 180 
69 180 181 
70 181 182 
71 182 183 
72 183 184 
73 184 185 
74 185 186 
75 186 187 
76 187 188 
77 188 189 
78 189 190 
79 190 191 
80 191 192 
81 192 193 
82 193 194 
83 194 195 
84 195 196 
85 196 197 
86 197 198 
87 198 199 
88 199 200 
89 200 201 
90 201 202 
91 202 203 
92 203 204 
93 204 205 
94 205 206 
95 206 207 
96 207 208 
97 208 209 
98 209 210 
99 210 211 
100 211 212 
101 212 1 
2 1 2 1102
102 577 356 724 
103 352 701 702 
104 581 350 611 
105 350 226 611 
106 608 340 753 
107 587 357 790 
108 356 577 726 
109 341 580 586 
110 753 340 799 
111 701 352 794 
112 580 341 777 
113 350 581 612 
114 764 587 790 
115 236 237 770 
116 224 225 771 
117 226 227 611 
118 269 270 773 
119 795 649 803 
120 347 795 803 
121 358 609 787 
122 355 762 769 
123 351 584 804 
124 333 717 781 
125 337 583 819 
126 606 353 734 
127 583 337 806 
128 725 344 727 
129 726 614 798 
130 762 355 810 
131 352 702 703 
132 584 351 821 
133 724 356 774 
134 353 236 770 
135 237 341 770 
136 363 779 798 
137 787 609 813 
138 225 350 771 
139 332 224 771 
140 765 349 784 
141 577 614 726 
142 654 788 791 
143 347 714 795 
144 765 784 826 
145 354 582 818 
146 341 586 770 
147 717 333 836 
148 337 585 806 
149 346 597 773 
150 796 772 816 
151 582 354 824 
152 579 785 840 
153 270 346 773 
154 336 269 773 
155 581 522 612 
156 522 545 612 
157 714 347 802 
158 597 346 839 
159 763 564 772 
160 335 726 798 
161 332 613 772 
162 360 767 768 
163 613 763 772 
164 585 337 834 
165 359 796 816 
166 357 587 830 
167 734 353 770 
168 253 254 774 
169 775 343 778 
170 785 579 792 
171 345 635 780 
172 334 714 802 
173 779 335 798 
174 714 334 815 
175 612 545 613 
176 610 576 615 
177 727 344 768 
178 234 235 766 
179 788 654 812 
180 635 345 835 
181 775 778 841 
182 344 725 817 
183 701 776 827 
184 360 768 820 
185 353 606 766 
186 580 777 842 
187 586 734 770 
188 576 362 615 
189 703 334 814 
190 584 585 804 
191 613 332 771 
192 235 353 766 
193 356 253 774 
194 776 701 794 
195 753 783 823 
196 578 579 840 
197 615 367 761 
198 610 615 761 
199 364 367 615 
200 365 614 616 
201 366 365 616 
202 617 371 756 
203 367 617 761 
204 554 617 756 
205 368 371 617 
206 369 366 616 
207 625 369 670 
208 369 616 670 
209 370 369 625 
210 622 621 623 
211 675 624 740 
212 620 621 622 
213 626 619 760 
214 376 379 620 
215 620 379 621 
216 624 621 740 
217 618 375 619 
218 754 687 759 
219 375 376 620 
220 624 675 754 
221 625 555 669 
222 372 375 618 
223 623 621 624 
224 371 618 756 
225 555 625 670 
226 373 625 669 
227 507 626 760 
228 618 619 626 
229 554 756 758 
230 619 375 620 
231 621 379 740 
232 675 683 754 
233 216 217 352 
234 219 220 343 
235 237 238 341 
236 7 249 348 
237 6 231 351 
238 544 638 746 
239 252 253 356 
240 627 556 641 
241 273 274 342 
242 624 754 759 
243 255 256 344 
244 628 373 669 
245 556 627 638 
246 535 663 712 
247 478 631 659 
248 419 422 665 
249 663 535 664 
250 450 676 729 
251 421 633 663 
252 663 633 712 
253 645 464 647 
254 214 215 334 
255 647 478 659 
256 553 527 670 
257 633 421 665 
258 619 620 622 
259 645 643 696 
260 556 524 748 
261 630 505 643 
262 632 450 729 
263 464 645 696 
264 638 627 746 
265 664 535 666 
266 464 447 647 
267 447 478 647 
268 475 511 637 
269 631 478 709 
270 505 630 682 
271 605 604 747 
272 643 505 696 
273 8 267 349 
274 250 251 335 
275 634 546 635 
276 543 734 752 
277 511 551 637 
278 551 636 637 
279 450 632 665 
280 676 569 729 
281 279 280 358 
282 421 419 665 
283 513 546 634 
284 669 555 682 
285 239 240 355 
286 630 669 682 
287 491 475 637 
288 443 642 667 
289 558 646 659 
290 646 647 659 
291 422 450 665 
292 509 658 688 
293 527 555 670 
294 268 269 336 
295 499 481 666 
296 257 258 360 
297 642 603 667 
298 453 446 640 
299 616 553 670 
300 512 706 711 
301 5 213 347 
302 641 536 681 
303 270 271 346 
304 261 262 354 
305 221 222 359 
306 453 640 719 
307 646 558 668 
308 486 721 738 
309 535 499 666 
310 509 657 658 
311 648 552 649 
312 717 525 739 
313 530 609 655 
314 430 479 639 
315 500 552 648 
316 446 448 640 
317 374 373 628 
318 565 496 660 
319 436 641 681 
320 232 233 333 
321 544 485 638 
322 668 558 673 
323 498 500 648 
324 715 561 731 
325 578 521 579 
326 277 278 329 
327 561 562 731 
328 469 512 656 
329 715 672 728 
330 706 705 727 
331 519 530 655 
332 604 642 737 
333 521 513 634 
334 481 456 666 
335 561 715 728 
336 379 380 740 
337 509 409 657 
338 513 491 546 
339 489 523 524 
340 454 414 672 
341 598 599 600 
342 532 490 533 
343 511 548 551 
344 433 432 434 
345 381 668 673 
346 525 487 731 
347 466 490 532 
348 602 603 604 
349 653 518 654 
350 598 595 599 
351 485 488 489 
352 520 522 581 
353 259 260 331 
354 632 633 665 
355 571 650 652 
356 409 425 657 
357 524 523 564 
358 494 495 520 
359 584 565 585 
360 723 733 737 
361 471 474 475 
362 494 460 495 
363 516 518 653 
364 604 603 642 
365 489 488 523 
366 602 600 603 
367 635 546 636 
368 688 658 695 
369 579 521 634 
370 498 481 499 
371 498 499 500 
372 602 604 605 
373 443 442 444 
374 520 495 522 
375 685 462 689 
376 495 460 681 
377 466 467 490 
378 546 491 637 
379 275 276 357 
380 434 441 442 
381 534 533 571 
382 541 685 689 
383 448 466 640 
384 723 453 733 
385 562 584 739 
386 559 742 743 
387 563 498 648 
388 500 501 516 
389 601 600 602 
390 444 446 453 
391 434 442 443 
392 530 567 609 
393 503 482 682 
394 381 378 693 
395 461 460 494 
396 683 674 697 
397 552 516 653 
398 434 432 441 
399 489 524 556 
400 597 595 598 
401 470 452 471 
402 664 666 718 
403 668 381 693 
404 432 430 639 
405 497 481 498 
406 451 440 452 
407 734 586 752 
408 500 499 501 
409 571 533 650 
410 431 432 433 
411 473 485 544 
412 574 572 582 
413 449 435 460 
414 412 413 435 
415 476 475 491 
416 526 521 578 
417 532 533 534 
418 500 516 552 
419 471 452 474 
420 721 540 738 
421 666 456 718 
422 516 517 518 
423 583 581 611 
424 562 496 565 
425 406 405 412 
426 475 474 511 
427 444 445 446 
428 431 430 432 
429 387 388 390 
430 436 627 641 
431 540 686 687 
432 425 473 657 
433 482 505 682 
434 492 491 513 
435 412 405 413 
436 518 519 655 
437 520 581 583 
438 557 558 659 
439 514 513 521 
440 731 562 739 
441 657 544 658 
442 480 456 481 
443 448 465 466 
444 485 477 488 
445 382 381 673 
446 474 452 692 
447 667 603 736 
448 536 495 681 
449 402 399 403 
450 384 387 674 
451 422 426 450 
452 631 557 659 
453 473 477 485 
454 533 539 650 
455 384 386 387 
456 390 391 392 
457 415 437 438 
458 598 600 601 
459 705 550 727 
460 684 508 707 
461 516 501 517 
462 519 529 530 
463 559 557 631 
464 540 411 686 
465 428 423 679 
466 417 419 421 
467 471 475 476 
468 401 400 405 
469 417 421 662 
470 415 438 439 
471 654 518 655 
472 487 454 715 
473 385 382 673 
474 397 396 400 
475 393 392 396 
476 497 498 563 
477 444 442 445 
478 644 643 645 
479 512 705 706 
480 557 506 558 
481 629 630 643 
482 410 671 672 
483 377 628 629 
484 683 486 738 
485 412 435 449 
486 510 506 557 
487 642 443 723 
488 435 436 681 
489 411 414 415 
490 520 583 660 
491 486 683 697 
492 646 645 647 
493 377 374 628 
494 750 720 751 
495 414 410 672 
496 477 457 704 
497 439 438 440 
498 235 236 353 
499 534 571 572 
500 451 452 470 
501 473 544 657 
502 603 600 736 
503 614 553 616 
504 380 382 383 
505 392 394 661 
506 387 386 388 
507 629 628 630 
508 533 490 539 
509 407 411 540 
510 383 382 384 
511 383 384 674 
512 425 457 473 
513 460 435 681 
514 423 420 679 
515 400 396 537 
516 662 421 663 
517 518 517 519 
518 496 494 660 
519 390 392 393 
520 415 439 686 
521 506 385 673 
522 453 719 733 
523 555 503 682 
524 430 428 479 
525 403 417 662 
526 530 531 567 
527 494 520 660 
528 376 377 378 
529 716 525 717 
530 658 544 746 
531 674 387 697 
532 710 704 722 
533 404 509 677 
534 376 374 377 
535 383 674 675 
536 411 415 686 
537 680 684 707 
538 405 400 694 
539 378 377 693 
540 398 395 399 
541 629 643 644 
542 435 413 436 
543 644 645 646 
544 502 710 722 
545 413 405 694 
546 466 532 640 
547 396 392 661 
548 661 394 677 
549 510 560 680 
550 380 378 381 
551 403 399 416 
552 485 489 638 
553 403 416 417 
554 449 460 461 
555 439 472 686 
556 398 399 402 
557 510 557 559 
558 433 434 667 
559 501 499 535 
560 479 428 679 
561 461 494 496 
562 380 381 382 
563 404 409 509 
564 439 440 451 
565 515 487 525 
566 469 483 512 
567 455 424 456 
568 675 674 683 
569 408 691 718 
570 527 503 555 
571 399 395 690 
572 389 385 506 
573 379 378 380 
574 446 447 448 
575 452 440 692 
576 417 418 419 
577 650 539 651 
578 389 506 510 
579 450 426 676 
580 473 457 477 
581 446 445 447 
582 443 444 723 
583 680 560 684 
584 463 454 487 
585 445 442 709 
586 691 664 718 
587 400 537 694 
588 416 399 690 
589 223 224 332 
590 559 631 742 
591 390 388 391 
592 562 565 584 
593 515 525 716 
594 389 510 680 
595 395 391 708 
596 384 385 386 
597 391 388 708 
598 480 481 497 
599 569 676 745 
600 466 465 467 
601 454 672 715 
602 440 438 462 
603 407 410 411 
604 493 477 704 
605 558 506 673 
606 741 560 743 
607 541 542 543 
608 538 474 692 
609 678 389 680 
610 376 378 379 
611 478 445 709 
612 694 537 695 
613 629 644 693 
614 656 512 711 
615 630 628 669 
616 241 242 330 
617 594 593 595 
618 429 428 430 
619 441 432 639 
620 541 543 685 
621 522 536 545 
622 387 390 697 
623 677 509 688 
624 398 404 677 
625 392 391 394 
626 631 709 742 
627 388 386 678 
628 463 541 689 
629 411 410 414 
630 390 393 697 
631 393 396 397 
632 434 443 667 
633 508 416 690 
634 465 464 696 
635 415 414 437 
636 476 491 492 
637 686 472 687 
638 410 406 671 
639 519 528 529 
640 644 668 693 
641 384 382 385 
642 676 459 745 
643 530 529 531 
644 749 593 751 
645 377 629 693 
646 402 403 691 
647 573 572 574 
648 632 528 633 
649 467 469 656 
650 437 414 454 
651 394 398 677 
652 482 468 505 
653 394 395 398 
654 408 402 691 
655 439 451 472 
656 386 389 678 
657 455 456 480 
658 468 465 696 
659 456 424 718 
660 644 646 668 
661 386 385 389 
662 417 416 418 
663 394 391 395 
664 510 559 560 
665 388 678 708 
666 397 400 401 
667 403 662 691 
668 426 459 676 
669 702 700 710 
670 522 495 536 
671 393 486 697 
672 419 420 422 
673 407 540 721 
674 662 663 664 
675 440 462 692 
676 525 731 739 
677 538 692 732 
678 401 405 406 
679 512 483 705 
680 444 453 723 
681 501 535 712 
682 442 441 709 
683 532 534 719 
684 484 413 694 
685 375 374 376 
686 448 447 464 
687 594 595 597 
688 422 423 426 
689 564 523 566 
690 514 521 526 
691 505 468 696 
692 404 402 408 
693 511 538 548 
694 243 244 345 
695 519 517 528 
696 700 493 704 
697 429 430 431 
698 398 402 404 
699 537 688 695 
700 492 513 514 
701 701 700 702 
702 418 416 508 
703 489 556 638 
704 425 455 457 
705 534 573 719 
706 438 437 689 
707 713 563 714 
708 437 454 463 
709 543 542 606 
710 690 395 708 
711 534 572 573 
712 406 412 671 
713 409 424 425 
714 678 680 707 
715 568 570 587 
716 427 423 428 
717 436 484 627 
718 427 428 429 
719 529 528 632 
720 488 477 493 
721 393 397 486 
722 448 464 465 
723 471 476 730 
724 447 445 478 
725 661 677 688 
726 592 591 593 
727 575 574 608 
728 633 528 712 
729 541 515 542 
730 537 396 661 
731 707 690 708 
732 407 406 410 
733 409 408 424 
734 745 459 750 
735 508 690 707 
736 426 427 459 
737 404 408 409 
738 577 553 614 
739 483 482 503 
740 419 418 420 
741 425 424 455 
742 517 501 712 
743 497 563 713 
744 463 515 541 
745 547 527 553 
746 490 467 656 
747 429 431 458 
748 567 531 568 
749 636 546 637 
750 504 503 527 
751 467 468 469 
752 504 547 550 
753 561 496 562 
754 662 664 691 
755 537 661 688 
756 469 468 482 
757 549 538 732 
758 542 515 716 
759 401 406 407 
760 467 465 468 
761 592 593 594 
762 699 700 701 
763 606 542 607 
764 484 694 695 
765 573 574 575 
766 590 589 591 
767 678 707 708 
768 528 517 712 
769 463 487 515 
770 437 463 689 
771 592 594 596 
772 436 413 484 
773 704 457 722 
774 462 438 689 
775 487 715 731 
776 700 704 710 
777 511 474 538 
778 480 497 502 
779 469 482 483 
780 679 420 735 
781 422 420 423 
782 426 423 427 
783 590 591 592 
784 412 449 671 
785 483 503 504 
786 640 532 719 
787 380 383 740 
788 476 507 730 
789 457 455 722 
790 504 550 705 
791 698 493 699 
792 550 724 725 
793 526 578 610 
794 699 493 700 
795 547 553 577 
796 461 496 561 
797 504 527 547 
798 548 538 549 
799 488 493 698 
800 531 529 729 
801 523 488 698 
802 548 549 580 
803 550 725 727 
804 672 671 728 
805 679 735 741 
806 470 471 730 
807 733 575 737 
808 486 397 721 
809 476 492 507 
810 424 408 718 
811 455 480 722 
812 429 458 720 
813 568 531 569 
814 401 407 721 
815 529 632 729 
816 719 573 733 
817 588 589 590 
818 607 542 716 
819 604 737 747 
820 588 570 589 
821 459 427 720 
822 480 502 722 
823 483 504 705 
824 502 497 713 
825 587 570 588 
826 427 429 720 
827 692 462 732 
828 397 401 721 
829 573 575 733 
830 264 265 340 
831 539 490 656 
832 568 569 570 
833 735 684 741 
834 462 685 732 
835 569 531 729 
836 651 539 711 
837 550 547 724 
838 433 667 736 
839 560 559 743 
840 591 750 751 
841 540 687 738 
842 514 526 554 
843 600 599 736 
844 566 523 698 
845 449 461 728 
846 639 479 743 
847 225 226 350 
848 508 684 735 
849 459 720 750 
850 420 418 735 
851 580 549 586 
852 479 741 743 
853 433 736 744 
854 547 577 724 
855 685 543 752 
856 418 508 735 
857 461 561 728 
858 709 441 742 
859 595 593 749 
860 539 656 711 
861 543 606 734 
862 742 639 743 
863 605 747 753 
864 671 449 728 
865 383 675 740 
866 458 431 744 
867 570 569 745 
868 372 374 375 
869 282 283 339 
870 228 229 337 
871 458 749 751 
872 246 247 338 
873 736 599 744 
874 484 695 746 
875 536 641 748 
876 642 723 737 
877 684 560 741 
878 479 679 741 
879 641 556 748 
880 441 639 742 
881 695 658 746 
882 431 433 744 
883 593 591 751 
884 627 484 746 
885 589 570 745 
886 575 608 747 
887 589 745 750 
888 545 536 748 
889 737 575 747 
890 599 595 749 
891 549 732 752 
892 591 589 750 
893 720 458 751 
894 458 744 749 
895 586 549 752 
896 732 685 752 
897 744 599 749 
898 747 608 753 
899 372 373 374 
900 373 370 625 
901 619 622 760 
902 683 738 754 
903 756 626 758 
904 687 472 759 
905 472 451 755 
906 738 687 754 
907 626 507 758 
908 622 623 757 
909 623 624 759 
910 507 492 758 
911 514 554 758 
912 371 372 618 
913 372 370 373 
914 451 470 755 
915 755 470 757 
916 623 755 757 
917 618 626 756 
918 470 730 757 
919 755 623 759 
920 492 514 758 
921 472 755 759 
922 622 757 760 
923 757 730 760 
924 730 507 760 
925 371 370 372 
926 368 370 371 
927 368 369 370 
928 617 554 761 
929 554 526 761 
930 367 368 617 
931 368 366 369 
932 526 610 761 
933 367 366 368 
934 364 366 367 
935 364 365 366 
936 362 364 615 
937 364 363 365 
938 362 363 364 
939 613 545 763 
940 329 764 790 
941 652 354 818 
942 334 703 815 
943 524 564 763 
944 545 748 763 
945 783 753 799 
946 361 362 576 
947 362 348 363 
948 567 568 764 
949 602 605 765 
950 706 727 768 
951 703 702 797 
952 781 717 821 
953 636 551 762 
954 748 524 763 
955 651 711 767 
956 350 612 771 
957 548 580 769 
958 568 587 764 
959 601 602 765 
960 609 358 812 
961 698 699 775 
962 363 348 779 
963 762 551 769 
964 354 652 822 
965 583 611 819 
966 648 649 795 
967 714 563 795 
968 699 701 827 
969 365 363 798 
970 702 710 797 
971 502 713 797 
972 612 613 771 
973 606 607 766 
974 711 706 767 
975 361 348 362 
976 786 833 837 
977 551 548 769 
978 585 565 806 
979 660 583 806 
980 605 753 823 
981 592 596 808 
982 789 649 809 
983 767 706 768 
984 598 601 801 
985 601 765 826 
986 610 578 829 
987 332 772 796 
988 331 652 833 
989 725 724 774 
990 566 698 775 
991 774 254 817 
992 220 221 778 
993 219 343 776 
994 274 275 782 
995 239 355 777 
996 221 359 778 
997 238 239 777 
998 218 219 776 
999 7 348 361 
1000 242 243 780 
1001 341 238 777 
1002 343 220 778 
1003 248 7 361 
1004 275 357 782 
1005 250 335 779 
1006 245 246 785 
1007 342 274 782 
1008 348 249 779 
1009 232 333 781 
1010 267 268 784 
1011 351 231 781 
1012 330 242 780 
1013 283 284 789 
1014 8 349 783 
1015 268 336 784 
1016 243 345 780 
1017 249 250 779 
1018 349 267 784 
1019 266 8 783 
1020 231 232 781 
1021 280 281 788 
1022 360 258 786 
1023 278 279 787 
1024 246 338 785 
1025 258 259 786 
1026 281 282 791 
1027 279 358 787 
1028 276 277 790 
1029 259 331 786 
1030 357 276 790 
1031 339 283 789 
1032 358 280 788 
1033 282 339 791 
1034 329 278 787 
1035 277 329 790 
1036 345 244 792 
1037 571 652 818 
1038 582 572 818 
1039 244 245 792 
1040 263 264 793 
1041 649 552 809 
1042 739 584 821 
1043 649 789 803 
1044 264 340 793 
1045 574 582 828 
1046 594 597 839 
1047 352 703 814 
1048 716 717 836 
1049 652 650 833 
1050 634 635 835 
1051 352 217 794 
1052 359 222 796 
1053 223 332 796 
1054 340 265 799 
1055 797 713 815 
1056 272 273 800 
1057 214 334 802 
1058 347 213 802 
1059 5 347 803 
1060 597 598 801 
1061 234 766 805 
1062 230 6 804 
1063 340 608 828 
1064 772 564 816 
1065 611 227 819 
1066 217 218 794 
1067 762 330 838 
1068 636 762 838 
1069 333 233 805 
1070 563 648 795 
1071 222 223 796 
1072 338 247 807 
1073 710 502 797 
1074 614 365 798 
1075 786 331 833 
1076 265 266 799 
1077 356 726 831 
1078 726 335 831 
1079 652 331 822 
1080 587 588 830 
1081 713 714 815 
1082 355 240 810 
1083 241 330 810 
1084 273 342 800 
1085 361 576 807 
1086 654 655 812 
1087 213 214 802 
1088 216 352 814 
1089 334 215 814 
1090 609 567 813 
1091 596 800 808 
1092 255 344 817 
1093 227 228 819 
1094 788 281 791 
1095 245 785 792 
1096 344 256 820 
1097 257 360 820 
1098 582 793 828 
1099 261 354 822 
1100 331 260 822 
1101 330 762 810 
1102 354 262 824 
1103 346 271 825 
1104 284 5 803 
1105 252 356 831 
1106 335 251 831 
1107 338 807 829 
1108 6 351 804 
1109 337 229 834 
1110 351 781 821 
1111 655 609 812 
1112 218 776 794 
1113 654 791 832 
1114 266 783 799 
1115 567 764 813 
1116 552 653 809 
1117 773 597 801 
1118 233 234 805 
1119 789 284 803 
1120 768 344 820 
1121 230 804 834 
1122 808 342 811 
1123 565 660 806 
1124 247 248 807 
1125 766 607 805 
1126 590 592 808 
1127 703 797 815 
1128 248 361 807 
1129 272 800 825 
1130 336 773 801 
1131 590 808 811 
1132 829 578 840 
1133 764 329 813 
1134 566 775 841 
1135 725 774 817 
1136 240 241 810 
1137 588 590 811 
1138 807 576 829 
1139 576 610 829 
1140 804 585 834 
1141 800 596 825 
1142 263 793 824 
1143 793 582 824 
1144 333 805 836 
1145 346 825 839 
1146 215 216 814 
1147 809 653 832 
1148 564 566 816 
1149 833 651 837 
1150 254 255 817 
1151 572 571 818 
1152 339 809 832 
1153 228 337 819 
1154 339 789 809 
1155 256 257 820 
1156 800 342 808 
1157 342 782 811 
1158 717 739 821 
1159 260 261 822 
1160 345 792 835 
1161 765 605 823 
1162 792 579 835 
1163 775 699 827 
1164 262 263 824 
1165 271 272 825 
1166 358 788 812 
1167 805 607 836 
1168 608 574 828 
1169 653 654 832 
1170 780 635 838 
1171 251 252 831 
1172 801 601 826 
1173 650 651 833 
1174 349 765 823 
1175 229 230 834 
1176 579 634 835 
1177 329 787 813 
1178 651 767 837 
1179 607 716 836 
1180 769 580 842 
1181 635 636 838 
1182 596 594 839 
1183 330 780 838 
1184 793 340 828 
1185 783 349 823 
1186 343 775 827 
1187 825 596 839 
1188 784 336 826 
1189 776 343 827 
1190 767 360 837 
1191 782 357 830 
1192 336 801 826 
1193 360 786 837 
1194 791 339 832 
1195 355 769 842 
1196 778 359 841 
1197 777 355 842 
1198 785 338 840 
1199 811 782 830 
1200 588 811 830 
1201 338 829 840 
1202 359 816 841 
1203 816 566 841 
2 2 2 212
1204 849 895 896 
1205 886 848 887 
1206 895 849 920 
1207 902 854 915 
1208 854 902 904 
1209 850 889 914 
1210 848 886 928 
1211 887 848 932 
1212 851 860 861 
1213 882 860 907 
1214 860 847 907 
1215 855 895 920 
1216 919 854 921 
1217 854 904 921 
1218 914 889 931 
1219 889 850 921 
1220 851 859 860 
1221 844 897 906 
1222 853 901 913 
1223 895 855 906 
1224 849 896 909 
1225 913 901 926 
1226 861 860 862 
1227 844 906 912 
1228 862 860 882 
1229 861 862 863 
1230 924 856 931 
1231 863 862 864 
1232 905 858 918 
1233 863 864 865 
1234 863 865 883 
1235 865 864 866 
1236 866 864 867 
1237 866 867 868 
1238 868 867 871 
1239 866 868 869 
1240 871 867 874 
1241 869 868 870 
1242 871 874 877 
1243 869 870 872 
1244 877 874 884 
1245 869 872 873 
1246 872 870 875 
1247 871 877 878 
1248 875 870 876 
1249 873 872 879 
1250 878 877 886 
1251 285 286 851 
1252 306 307 852 
1253 292 293 853 
1254 308 309 849 
1255 299 300 856 
1256 294 295 848 
1257 289 290 857 
1258 875 876 885 
1259 287 288 847 
1260 873 879 880 
1261 878 886 887 
1262 885 876 888 
1263 296 297 858 
1264 301 302 850 
1265 875 885 889 
1266 873 880 881 
1267 305 12 846 
1268 312 9 844 
1269 291 10 845 
1270 303 304 854 
1271 310 311 855 
1272 298 11 843 
1273 872 875 890 
1274 879 872 890 
1275 875 889 890 
1276 865 866 893 
1277 868 871 891 
1278 870 868 891 
1279 871 878 891 
1280 876 870 891 
1281 891 878 892 
1282 876 891 892 
1283 878 887 892 
1284 888 876 892 
1285 873 881 893 
1286 866 869 893 
1287 869 873 893 
1288 883 865 894 
1289 883 894 895 
1290 865 893 894 
1291 893 881 894 
1292 874 898 900 
1293 895 894 896 
1294 894 881 896 
1295 917 856 924 
1296 862 882 898 
1297 910 848 928 
1298 905 918 929 
1299 874 867 898 
1300 864 862 898 
1301 848 916 932 
1302 861 863 897 
1303 898 882 900 
1304 896 881 899 
1305 852 899 908 
1306 863 883 897 
1307 867 864 898 
1308 886 877 901 
1309 881 880 899 
1310 884 874 900 
1311 877 884 901 
1312 892 887 905 
1313 883 895 906 
1314 880 879 902 
1315 846 902 915 
1316 902 879 904 
1317 884 900 903 
1318 890 889 921 
1319 851 861 933 
1320 902 846 908 
1321 880 902 908 
1322 852 908 923 
1323 879 890 904 
1324 888 892 905 
1325 903 857 922 
1326 897 883 906 
1327 856 914 931 
1328 900 882 925 
1329 859 847 860 
1330 903 845 926 
1331 884 903 926 
1332 896 899 909 
1333 857 903 925 
1334 899 880 908 
1335 899 852 909 
1336 10 292 913 
1337 311 312 912 
1338 9 285 911 
1339 845 10 913 
1340 851 286 859 
1341 853 293 910 
1342 11 299 917 
1343 285 851 911 
1344 304 305 915 
1345 844 9 911 
1346 292 853 913 
1347 856 300 914 
1348 297 298 918 
1349 286 287 859 
1350 299 856 917 
1351 848 295 916 
1352 300 301 914 
1353 287 847 859 
1354 301 850 914 
1355 849 309 920 
1356 293 294 910 
1357 312 844 912 
1358 294 848 910 
1359 302 303 919 
1360 305 846 915 
1361 296 858 916 
1362 850 302 919 
1363 295 296 916 
1364 855 311 912 
1365 854 304 915 
1366 858 297 918 
1367 309 310 920 
1368 303 854 919 
1369 843 11 917 
1370 310 855 920 
1371 298 843 918 
1372 857 290 922 
1373 291 845 922 
1374 306 852 923 
1375 846 12 923 
1376 290 291 922 
1377 882 907 925 
1378 847 288 927 
1379 289 857 927 
1380 852 307 930 
1381 308 849 930 
1382 12 306 923 
1383 885 888 924 
1384 911 851 933 
1385 845 903 922 
1386 906 855 912 
1387 885 924 931 
1388 843 924 929 
1389 886 901 928 
1390 905 887 932 
1391 850 919 921 
1392 904 890 921 
1393 924 888 929 
1394 897 844 933 
1395 288 289 927 
1396 307 308 930 
1397 889 885 931 
1398 908 846 923 
1399 901 853 928 
1400 857 907 927 
1401 907 847 927 
1402 861 897 933 
1403 901 884 926 
1404 909 852 930 
1405 849 909 930 
1406 903 900 925 
1407 843 917 924 
1408 858 905 932 
1409 845 913 926 
1410 907 857 925 
1411 844 911 933 
1412 888 905 929 
1413 918 843 929 
1414 853 910 928 
1415 916 858 932 
2 3 2 86
1416 939 949 952 
1417 940 956 958 
1418 956 940 963 
1419 328 937 953 
1420 327 328 953 
1421 322 323 962 
1422 949 939 953 
1423 326 327 953 
1424 939 326 953 
1425 939 952 957 
1426 941 322 962 
1427 952 935 957 
1428 941 950 961 
1429 945 948 951 
1430 956 937 958 
1431 955 963 965 
1432 950 941 962 
1433 323 959 962 
1434 953 937 956 
1435 955 951 963 
1436 949 953 956 
1437 943 945 951 
1438 947 950 952 
1439 313 314 940 
1440 325 326 939 
1441 324 16 935 
1442 316 14 934 
1443 328 13 937 
1444 321 322 941 
1445 317 318 938 
1446 320 15 936 
1447 949 947 952 
1448 948 947 949 
1449 947 946 950 
1450 945 947 948 
1451 945 946 947 
1452 945 944 946 
1453 943 944 945 
1454 316 934 955 
1455 318 319 954 
1456 938 318 954 
1457 315 316 955 
1458 950 946 961 
1459 951 948 963 
1460 964 954 966 
1461 934 943 951 
1462 943 938 944 
1463 963 940 965 
1464 944 954 964 
1465 948 956 963 
1466 944 938 954 
1467 934 951 955 
1468 948 949 956 
1469 935 952 967 
1470 14 317 942 
1471 16 325 957 
1472 13 313 958 
1473 317 938 942 
1474 934 14 942 
1475 324 935 959 
1476 15 321 960 
1477 313 940 958 
1478 935 16 957 
1479 321 941 960 
1480 325 939 957 
1481 323 324 959 
1482 936 15 960 
1483 937 13 958 
1484 314 315 965 
1485 319 320 966 
1486 952 950 967 
1487 946 944 964 
1488 940 314 965 
1489 320 936 966 
1490 934 942 943 
1491 942 938 943 
1492 936 964 966 
1493 936 960 961 
1494 315 955 965 
1495 954 319 966 
1496 936 961 964 
1497 960 941 961 
1498 961 946 964 
1499 962 959 967 
1500 959 935 967 
1501 950 962 967 
2 4 2 4742
1502 1048 2107 2979 
1503 1953 2025 2167 
1504 987 2108 2825 
1505 1854 1776 2877 
1506 2107 1048 2850 
1507 2580 2582 2583 
1508 2168 2080 2651 
1509 2323 1093 2846 
1510 2223 1191 2224 
1511 1798 2146 2234 
1512 1010 2087 2924 
1513 2076 2072 2140 
1514 2580 1096 2582 
1515 1998 2520 2542 
1516 2064 312 2943 
1517 2255 2001 2261 
1518 1087 2229 2230 
1519 2061 2057 2342 
1520 2342 2057 3119 
1521 2071 2074 2101 
1522 1879 2169 2170 
1523 1660 1661 2881 
1524 2150 2058 2864 
1525 2042 1012 2086 
1526 2038 1055 2040 
1527 1917 2110 2255 
1528 2043 1058 2044 
1529 2137 1094 2552 
1530 2211 2215 2243 
1531 1207 2220 2274 
1532 2167 2025 2841 
1533 2503 1332 2892 
1534 306 981 2036 
1535 2087 1010 2196 
1536 2430 1340 2431 
1537 308 1012 2042 
1538 295 1055 2038 
1539 2193 1010 2924 
1540 288 1058 2043 
1541 2215 2211 2242 
1542 1093 2323 2968 
1543 2000 1906 2888 
1544 1906 2820 2888 
1545 2216 1828 2233 
1546 1860 2389 2390 
1547 2072 1092 2140 
1548 2428 1340 2430 
1549 2239 1034 2861 
1550 2180 1007 2244 
1551 2217 1054 2387 
1552 2104 1256 2105 
1553 1087 2230 2893 
1554 1744 2210 2451 
1555 1226 1228 2235 
1556 2253 2016 2831 
1557 2058 2150 2865 
1558 975 2253 2831 
1559 2488 2635 2834 
1560 2435 2434 2437 
1561 2103 2754 2919 
1562 2169 1879 3019 
1563 2192 1010 2193 
1564 1718 2275 3025 
1565 2036 981 2926 
1566 1902 313 2894 
1567 2754 2207 2919 
1568 2241 1060 2883 
1569 1007 2180 2245 
1570 2115 2162 2918 
1571 37 2279 3093 
1572 2755 1006 2983 
1573 1883 2196 2202 
1574 2435 2437 2442 
1575 992 2110 2272 
1576 2130 2475 2858 
1577 2530 1898 2531 
1578 2663 2716 2745 
1579 2485 1692 2829 
1580 1089 2258 2259 
1581 2123 2055 2229 
1582 1907 1014 2910 
1583 2532 2265 2533 
1584 2545 2137 2552 
1585 2041 293 2982 
1586 1835 2560 2561 
1587 2473 1942 2474 
1588 2162 2115 2916 
1589 2129 2130 2858 
1590 293 1066 2982 
1591 2441 2524 2752 
1592 2533 2265 2973 
1593 1860 2390 2391 
1594 2296 1030 2700 
1595 2813 2116 2930 
1596 2070 2071 2101 
1597 1060 2043 2883 
1598 1966 1798 2234 
1599 991 2813 2930 
1600 2110 2035 2255 
1601 2524 2441 2855 
1602 37 38 2279 
1603 2293 1854 2877 
1604 1073 2263 2265 
1605 1288 1290 2431 
1606 2146 993 2234 
1607 1814 2664 2851 
1608 2436 2432 2801 
1609 1030 2296 3003 
1610 1022 2120 2202 
1611 2275 1991 3025 
1612 1366 1365 2243 
1613 1874 1875 2533 
1614 1828 1999 2233 
1615 1203 2873 3031 
1616 9 312 2064 
1617 2125 1665 2128 
1618 1971 2217 2387 
1619 992 2272 3077 
1620 2135 1252 2997 
1621 1034 2239 2901 
1622 2560 1835 2962 
1623 2092 1891 3044 
1624 1363 1364 2298 
1625 2117 990 2626 
1626 1999 2755 2983 
1627 1069 2121 2835 
1628 1049 2100 2885 
1629 2873 2077 3031 
1630 1966 2673 2941 
1631 1891 2092 2874 
1632 2502 2503 2892 
1633 2080 2168 2895 
1634 2001 2255 3011 
1635 1073 2265 2984 
1636 2098 1039 2497 
1637 971 2392 2393 
1638 1063 108 2343 
1639 2914 2105 2971 
1640 2386 1897 2678 
1641 2108 987 2560 
1642 1029 2300 2928 
1643 2386 1660 2881 
1644 2232 2199 3013 
1645 284 2155 2157 
1646 2533 1875 2978 
1647 1847 2095 2303 
1648 2676 2127 2699 
1649 2429 2433 2445 
1650 2106 2107 2850 
1651 1256 2104 3129 
1652 2782 2232 3013 
1653 2100 1049 2887 
1654 2224 1191 3023 
1655 2168 2651 2797 
1656 1039 2098 2838 
1657 989 2216 2233 
1658 1873 2336 2961 
1659 2336 1873 2960 
1660 2105 2235 2971 
1661 2520 1998 3076 
1662 1932 2484 2942 
1663 1898 2530 2978 
1664 1904 15 1905 
1665 2188 2197 2314 
1666 2121 1069 2312 
1667 1715 2583 2584 
1668 250 1052 2204 
1669 1847 2303 2877 
1670 312 1065 2943 
1671 2106 2850 2936 
1672 2505 2646 2839 
1673 2108 2109 2825 
1674 1192 2307 2745 
1675 2004 1009 2078 
1676 2478 2136 2997 
1677 2673 2032 2941 
1678 2480 2478 2997 
1679 2583 1064 2584 
1680 2123 2229 2958 
1681 2372 2862 3080 
1682 1976 1042 1991 
1683 1042 1907 1974 
1684 2509 2819 2872 
1685 1340 2428 2649 
1686 1692 2485 2975 
1687 2826 2174 2915 
1688 1340 1288 2431 
1689 1328 2436 2801 
1690 2836 2655 2855 
1691 60 61 2250 
1692 2484 1932 2975 
1693 2307 1192 2744 
1694 1315 1313 2360 
1695 1081 2372 3080 
1696 2582 1064 2583 
1697 1975 2104 2105 
1698 2174 976 2915 
1699 313 1976 2894 
1700 2185 2182 2192 
1701 1743 2163 2166 
1702 2120 1022 2203 
1703 251 250 2204 
1704 2118 1090 2927 
1705 1252 2135 3073 
1706 28 29 2435 
1707 1090 2118 3029 
1708 2575 1694 2578 
1709 1256 1226 2235 
1710 1883 2087 2196 
1711 1720 2334 3072 
1712 1685 2383 2881 
1713 1911 2138 2571 
1714 1369 1366 2243 
1715 2926 981 2998 
1716 2111 969 2541 
1717 6 976 2173 
1718 233 973 2170 
1719 969 2111 2542 
1720 1917 2255 2261 
1721 1228 1231 2235 
1722 261 1015 2232 
1723 1071 2124 2297 
1724 1089 2259 3161 
1725 981 2034 2998 
1726 2011 1907 2910 
1727 237 2112 2935 
1728 2397 2190 2869 
1729 2347 2061 2898 
1730 2954 2795 2994 
1731 2185 2192 2193 
1732 2210 1744 2830 
1733 29 1021 2435 
1734 2383 1685 3066 
1735 2373 2081 2833 
1736 2086 2037 2159 
1737 1737 2137 2545 
1738 2716 1192 2745 
1739 2894 1361 3031 
1740 2274 2220 2873 
1741 1191 2223 2777 
1742 61 1023 2250 
1743 974 2841 2934 
1744 2451 2210 2986 
1745 2068 2341 2865 
1746 2254 243 2812 
1747 1012 2037 2086 
1748 2112 237 2951 
1749 1694 2575 2577 
1750 2841 2025 2934 
1751 2173 976 2174 
1752 2120 1883 2202 
1753 1046 2337 2876 
1754 2157 2890 3131 
1755 1982 2578 2599 
1756 2122 2663 2745 
1757 1180 1196 2251 
1758 2436 1328 2438 
1759 2635 2488 3017 
1760 2516 2084 3108 
1761 269 1050 2165 
1762 317 14 2021 
1763 316 315 1097 
1764 2573 2574 2578 
1765 321 15 1904 
1766 1003 2142 2596 
1767 1854 2293 2860 
1768 323 322 2023 
1769 314 313 1902 
1770 326 325 1906 
1771 1015 2199 2232 
1772 2190 2397 3120 
1773 318 1009 2004 
1774 1040 319 2004 
1775 2105 1256 2235 
1776 2520 969 2542 
1777 2084 2516 2851 
1778 13 1042 1976 
1779 2341 2068 2931 
1780 327 1014 1907 
1781 1042 328 1907 
1782 1046 2876 3092 
1783 2109 2584 2784 
1784 2635 1880 2834 
1785 2065 2068 2150 
1786 2293 2291 2860 
1787 1975 1904 2104 
1788 1824 1818 2542 
1789 2556 1814 2851 
1790 993 2146 2218 
1791 1364 1367 2298 
1792 1346 2195 2359 
1793 2154 1049 2885 
1794 2476 1995 2942 
1795 2912 1869 2929 
1796 2195 1346 2360 
1797 2061 2343 2898 
1798 2899 1705 3072 
1799 1973 1813 2556 
1800 2433 1021 2445 
1801 1997 2330 3080 
1802 2220 1207 2985 
1803 2143 968 3019 
1804 1250 2918 2923 
1805 1995 2476 3043 
1806 108 109 2343 
1807 2432 2431 2801 
1808 1001 2095 2948 
1809 2163 1743 2247 
1810 990 2117 2897 
1811 2028 300 3077 
1812 2428 2427 2649 
1813 2203 1714 2452 
1814 2138 1911 3105 
1815 1741 2218 2402 
1816 1027 2954 2994 
1817 1043 37 3093 
1818 1660 2386 2678 
1819 2095 1001 3058 
1820 968 2143 2413 
1821 2124 1071 2296 
1822 1839 1737 2545 
1823 1776 1847 2877 
1824 2157 2158 2890 
1825 1040 2004 2840 
1826 2486 2485 2829 
1827 2124 1363 2298 
1828 2214 2213 2854 
1829 2240 1897 2386 
1830 2212 2213 2214 
1831 2245 2180 3121 
1832 2218 2146 2402 
1833 1665 2125 2272 
1834 2342 1063 2343 
1835 2180 2181 3121 
1836 2932 997 3033 
1837 2441 2836 2855 
1838 2334 2333 3072 
1839 1942 2473 3051 
1840 2037 2144 3090 
1841 2578 1694 2599 
1842 284 283 2155 
1843 2151 1049 2154 
1844 2574 2575 2578 
1845 2646 2505 3099 
1846 2033 993 2218 
1847 981 2033 2034 
1848 2021 14 3041 
1849 992 2035 2110 
1850 1097 315 3042 
1851 2162 2247 2918 
1852 2676 2699 3139 
1853 2104 2145 3129 
1854 2063 9 2064 
1855 2334 1720 2732 
1856 2023 322 3047 
1857 284 2157 3131 
1858 2057 2058 3119 
1859 1205 1180 2251 
1860 2070 1092 2071 
1861 1066 2070 2101 
1862 1025 2151 2152 
1863 2081 2373 3075 
1864 2819 1901 2872 
1865 1906 325 3067 
1866 2474 1942 2844 
1867 270 269 2165 
1868 1661 1685 2881 
1869 2101 2074 2946 
1870 2392 2390 2393 
1871 2429 2430 2433 
1872 1025 282 2151 
1873 1165 2219 2221 
1874 1053 2215 2242 
1875 1992 2932 3033 
1876 2510 1644 2512 
1877 1346 1315 2360 
1878 1313 1325 2360 
1879 1361 2894 3016 
1880 2120 2203 2452 
1881 975 2148 2856 
1882 2333 2899 3072 
1883 2101 2946 3055 
1884 2177 2180 2244 
1885 2161 1017 2162 
1886 2584 1064 2784 
1887 2431 1290 2801 
1888 2175 2177 2244 
1889 271 1017 2161 
1890 2212 1018 2213 
1891 2946 2006 3055 
1892 2182 256 2192 
1893 2197 259 2314 
1894 2196 253 2202 
1895 245 1018 2212 
1896 265 2205 2208 
1897 247 1053 2242 
1898 1094 2137 3105 
1899 2035 980 2255 
1900 1901 2819 2908 
1901 2170 973 2817 
1902 2197 2188 3123 
1903 2121 2122 2835 
1904 2256 1011 2884 
1905 2439 2441 2752 
1906 1965 2254 2812 
1907 1332 2503 2805 
1908 2768 2331 3092 
1909 2200 2463 3013 
1910 2094 2482 2953 
1911 2438 1328 2443 
1912 2534 2889 2900 
1913 2531 1898 2842 
1914 1362 2921 2938 
1915 1972 2259 2903 
1916 2538 2214 2854 
1917 2128 1665 3087 
1918 2442 2437 3095 
1919 2230 1045 2893 
1920 1949 2815 2856 
1921 2207 1032 3010 
1922 2226 971 3027 
1923 2330 1997 2871 
1924 1211 2231 2957 
1925 2788 2339 2968 
1926 2161 2162 2916 
1927 2159 2037 3090 
1928 1294 1296 2443 
1929 1033 2240 2385 
1930 2565 2912 2929 
1931 1910 2323 2846 
1932 2664 2084 2851 
1933 2199 2200 3013 
1934 2437 2439 3095 
1935 300 992 3077 
1936 2919 2207 3010 
1937 1644 2510 2872 
1938 2455 1080 2634 
1939 2076 2140 2969 
1940 304 303 2234 
1941 301 300 2028 
1942 2918 2247 2923 
1943 303 302 2673 
1944 307 306 2036 
1945 309 308 2042 
1946 296 295 2038 
1947 289 288 2043 
1948 2330 1081 3080 
1949 294 293 2041 
1950 305 993 2033 
1951 992 299 2035 
1952 285 9 2063 
1953 981 12 2033 
1954 2148 975 2831 
1955 11 980 2035 
1956 980 298 2256 
1957 297 1011 2256 
1958 2392 971 2974 
1959 2063 2065 2150 
1960 310 1054 2217 
1961 2214 2538 3024 
1962 1058 287 2119 
1963 971 2226 2974 
1964 290 1060 2140 
1965 1065 311 2217 
1966 286 1091 2119 
1967 2236 998 2238 
1968 2136 2135 2997 
1969 1092 291 2140 
1970 1066 292 2070 
1971 10 1092 2070 
1972 1818 1998 2542 
1973 2111 1824 2542 
1974 2368 1829 2710 
1975 2482 2094 3084 
1976 1879 2170 2817 
1977 1001 2129 2858 
1978 2243 1365 2986 
1979 1022 251 2204 
1980 2233 1999 2983 
1981 1041 2106 2936 
1982 1900 1901 2908 
1983 2216 989 2368 
1984 2186 2183 2302 
1985 2110 1917 3014 
1986 1586 1694 2577 
1987 2259 1972 3046 
1988 2555 1973 2556 
1989 231 6 2173 
1990 234 233 2170 
1991 262 261 2232 
1992 1813 1814 2556 
1993 2535 2536 2780 
1994 2168 223 2895 
1995 2863 1029 2928 
1996 2099 1043 3093 
1997 1031 2085 2281 
1998 2385 2240 2386 
1999 1023 2248 2250 
2000 2165 1050 3110 
2001 1055 2041 3012 
2002 1715 1586 2577 
2003 2907 2364 2977 
2004 1045 2230 3075 
2005 2699 2127 2796 
2006 1043 2099 3050 
2007 2041 2870 3012 
2008 1165 2221 2222 
2009 2098 2019 2838 
2010 1095 2373 2833 
2011 2655 1944 2855 
2012 1100 2225 3127 
2013 1096 2580 2848 
2014 2258 1089 3140 
2015 2042 2086 2092 
2016 2430 2431 2432 
2017 2583 1715 3004 
2018 2439 2752 3095 
2019 2044 1058 2045 
2020 986 2184 2314 
2021 1328 1294 2443 
2022 968 2169 3019 
2023 1091 2150 2864 
2024 196 2838 2886 
2025 2142 1003 3104 
2026 2106 1041 3056 
2027 2145 1223 3129 
2028 1894 3005 3047 
2029 220 2233 2983 
2030 2203 2204 2799 
2031 1133 2147 3052 
2032 2302 2194 2869 
2033 2646 1351 2839 
2034 2782 2395 2896 
2035 2129 1001 2948 
2036 2974 2083 2990 
2037 2225 1100 2959 
2038 1975 2105 2914 
2039 2255 980 3011 
2040 2544 1839 2545 
2041 2150 2068 2865 
2042 1349 2395 2782 
2043 2331 2768 2899 
2044 2088 2992 3006 
2045 1040 2149 3062 
2046 2061 2342 2343 
2047 2861 1034 2987 
2048 2890 982 3131 
2049 2148 1949 2856 
2050 2860 2291 2937 
2051 2427 1350 2649 
2052 1875 1898 2978 
2053 1131 2353 3000 
2054 1873 1830 2960 
2055 2353 1131 3097 
2056 2297 2300 2993 
2057 1908 2252 2399 
2058 2195 2360 3061 
2059 2147 1133 3091 
2060 1714 2203 2799 
2061 2626 990 3015 
2062 2759 2287 2979 
2063 2736 1211 2957 
2064 244 243 2254 
2065 1223 2145 3081 
2066 2300 2299 2928 
2067 2246 1213 2868 
2068 2219 1165 3042 
2069 2252 1209 2399 
2070 2194 2195 3061 
2071 2921 2422 2938 
2072 2171 231 2173 
2073 2169 234 2170 
2074 2206 262 2232 
2075 2204 1052 3018 
2076 2175 985 2176 
2077 2935 2026 3030 
2078 2209 1038 2210 
2079 1900 2908 2991 
2080 2178 2450 2933 
2081 1123 2139 3001 
2082 2119 1091 2864 
2083 2510 2509 2872 
2084 1743 2166 3009 
2085 2287 1048 2979 
2086 2085 2268 3116 
2087 1991 2275 3016 
2088 2617 2989 3094 
2089 2216 2368 2710 
2090 1970 2379 2380 
2091 1949 1829 2368 
2092 2718 2939 2965 
2093 2889 1866 2900 
2094 2190 2186 2302 
2095 2077 2894 3031 
2096 2203 1022 2204 
2097 2183 2185 2302 
2098 2112 2026 2935 
2099 2368 989 2815 
2100 2331 1046 3092 
2101 1052 2209 2830 
2102 1125 2164 3059 
2103 283 1025 2155 
2104 1018 244 2254 
2105 2239 2238 2901 
2106 2149 1040 2904 
2107 2297 2124 2298 
2108 2485 2484 2975 
2109 1904 1905 2104 
2110 1974 1907 2011 
2111 2992 1244 3006 
2112 2291 2289 2937 
2113 2185 2193 2194 
2114 2098 2497 3008 
2115 1017 270 2165 
2116 2443 1296 2776 
2117 2002 2256 2884 
2118 1213 2246 2399 
2119 2010 2887 2966 
2120 3012 1963 3037 
2121 2275 1361 3016 
2122 213 982 2160 
2123 1986 2311 2757 
2124 2184 2188 2314 
2125 2960 1830 3170 
2126 2339 2788 3038 
2127 2144 2970 3090 
2128 2535 2780 3015 
2129 2287 2759 3100 
2130 2055 2123 3064 
2131 2392 2974 2990 
2132 60 2250 3153 
2133 214 2160 2253 
2134 282 281 2151 
2135 2922 2376 2981 
2136 2989 1140 3094 
2137 2584 2109 3036 
2138 975 215 2253 
2139 980 2256 3011 
2140 225 988 2167 
2141 2211 1038 2242 
2142 2162 2163 2247 
2143 220 219 2233 
2144 224 223 2168 
2145 1967 2809 2837 
2146 272 271 2161 
2147 232 231 2171 
2148 235 234 2169 
2149 257 256 2182 
2150 260 259 2197 
2151 254 253 2196 
2152 263 262 2206 
2153 246 245 2212 
2154 248 247 2242 
2155 266 265 2208 
2156 239 985 2175 
2157 240 2175 2244 
2158 1007 241 2244 
2159 258 986 2314 
2160 973 2172 2817 
2161 255 1010 2192 
2162 252 1022 2202 
2163 8 1032 2207 
2164 264 1035 2205 
2165 7 1038 2209 
2166 1052 249 2209 
2167 1715 2584 3036 
2168 2152 2151 2154 
2169 2140 1060 2969 
2170 2010 2100 2887 
2171 267 2207 2754 
2172 1050 268 2754 
2173 2246 1908 2399 
2174 2804 2521 2834 
2175 2039 2907 2977 
2176 1025 2152 2153 
2177 1065 2217 3026 
2178 2217 1971 3026 
2179 1350 2427 2852 
2180 2298 1367 2299 
2181 2602 1900 2991 
2182 2389 1860 3106 
2183 2240 1033 2810 
2184 1842 2458 2798 
2185 2455 2634 2964 
2186 1209 2252 2458 
2187 2071 1092 2072 
2188 991 274 2813 
2189 2578 1982 3086 
2190 2063 2064 2065 
2191 1916 1917 2261 
2192 2373 1045 3075 
2193 2162 1017 2163 
2194 273 1051 2813 
2195 2102 3009 3110 
2196 2033 2218 3112 
2197 2945 1894 3047 
2198 2034 2033 3112 
2199 1058 2119 3160 
2200 2573 2578 3086 
2201 989 218 2815 
2202 1020 51 2292 
2203 243 242 2812 
2204 1984 2246 2947 
2205 2450 2178 3122 
2206 2011 2284 3021 
2207 2164 1125 3102 
2208 1878 1879 2817 
2209 2234 303 3082 
2210 303 2673 3082 
2211 1079 2516 3108 
2212 2970 1168 3090 
2213 1953 2167 2963 
2214 1056 16 3126 
2215 2043 2044 2883 
2216 1018 2254 3132 
2217 2939 1241 2965 
2218 2838 2019 2886 
2219 1916 2261 2262 
2220 2292 2291 2293 
2221 2179 2178 2933 
2222 2159 1697 3171 
2223 2927 1062 3143 
2224 988 2168 2797 
2225 2215 2214 3024 
2226 1020 2292 2293 
2227 1872 2806 2818 
2228 2300 1029 3128 
2229 2947 2246 3166 
2230 2379 1970 2786 
2231 2209 2210 2830 
2232 1548 1501 2269 
2233 1682 1589 2262 
2234 1839 2544 2824 
2235 28 2435 3079 
2236 2268 2085 3005 
2237 1007 2245 3101 
2238 1036 2310 2311 
2239 16 2822 3126 
2240 1753 1752 2278 
2241 1931 1934 2751 
2242 974 227 2841 
2243 226 2167 2841 
2244 1940 2283 2695 
2245 2430 2432 2433 
2246 51 52 2292 
2247 2283 1466 2695 
2248 2229 1087 2958 
2249 2266 1521 2270 
2250 1037 71 2336 
2251 324 1031 3134 
2252 1934 1940 2285 
2253 2440 2443 2776 
2254 2450 2027 2526 
2255 2339 1093 2968 
2256 2458 2252 2798 
2257 1501 1521 2269 
2258 2044 2045 2046 
2259 1521 2266 2269 
2260 2285 1940 2695 
2261 2261 1682 2262 
2262 1570 2450 2526 
2263 216 975 2856 
2264 1639 1637 2391 
2265 1637 1860 2391 
2266 2320 2787 2788 
2267 2222 2221 2223 
2268 2139 1123 3111 
2269 1220 1223 2295 
2270 1036 80 2310 
2271 1934 2285 2751 
2272 2262 1589 2610 
2273 2175 2176 2177 
2274 2210 1038 2211 
2275 2408 2598 2642 
2276 1262 1361 2275 
2277 2225 2224 2808 
2278 2270 1805 2566 
2279 1891 2387 3044 
2280 1203 1200 2274 
2281 72 2335 2336 
2282 1728 1856 2276 
2283 2153 2152 2231 
2284 2981 1859 3063 
2285 1150 1781 2282 
2286 1767 1765 2268 
2287 2456 2746 2766 
2288 2172 2171 2866 
2289 2286 2287 2288 
2290 1067 2286 2288 
2291 1042 1974 3025 
2292 2185 2194 2302 
2293 52 53 2290 
2294 52 2290 2292 
2295 79 1036 2338 
2296 3009 2166 3110 
2297 2901 2238 3114 
2298 2194 2193 2195 
2299 2410 2329 2750 
2300 1991 1042 3025 
2301 2822 324 3134 
2302 2354 2356 2785 
2303 1460 2273 2637 
2304 2267 1669 2540 
2305 2266 2270 2566 
2306 1805 2270 2637 
2307 2210 2211 2986 
2308 1761 1895 2281 
2309 998 2236 2920 
2310 99 2379 2786 
2311 1049 280 2887 
2312 2321 2317 2322 
2313 2799 2204 3018 
2314 2809 1143 2837 
2315 1757 1753 2278 
2316 2325 1107 2668 
2317 1681 2367 2459 
2318 1505 1507 2409 
2319 2273 1805 2637 
2320 1723 1722 2284 
2321 2086 2159 3171 
2322 1793 2271 2468 
2323 2118 2927 3143 
2324 1669 2267 2410 
2325 2367 2139 2459 
2326 75 2331 2332 
2327 2868 1845 3107 
2328 2328 1574 2329 
2329 72 73 2335 
2330 1067 54 2286 
2331 71 72 2336 
2332 2273 1460 2414 
2333 2414 1496 2733 
2334 2401 1920 2407 
2335 2348 2471 2723 
2336 1957 1956 2781 
2337 1920 1921 2407 
2338 1574 2328 2454 
2339 1152 1150 2282 
2340 2269 1957 2779 
2341 2271 1793 2526 
2342 81 2308 2310 
2343 2779 1957 2781 
2344 2104 1905 2145 
2345 2327 2608 2645 
2346 76 1046 2331 
2347 1793 1570 2526 
2348 2465 2468 2628 
2349 2356 1128 2785 
2350 2280 1675 2773 
2351 2316 1037 2322 
2352 2317 2316 2322 
2353 1922 2301 2411 
2354 2465 1794 2466 
2355 2286 1048 2287 
2356 1862 1774 1894 
2357 2163 1017 2165 
2358 1057 2332 2333 
2359 1761 1759 1895 
2360 2310 2309 2311 
2361 2490 2467 2730 
2362 1589 2301 2610 
2363 2407 2408 2642 
2364 1697 2159 2925 
2365 2468 2271 2628 
2366 2254 2097 3132 
2367 1880 2804 2834 
2368 2211 2243 2986 
2369 1025 2153 2155 
2370 1718 1264 2275 
2371 2418 1410 2654 
2372 1264 1262 2275 
2373 2391 2390 2392 
2374 1794 2465 2628 
2375 1108 1111 2668 
2376 2328 1784 2454 
2377 2540 2262 2610 
2378 2383 2384 2385 
2379 1728 1726 1856 
2380 70 1037 2316 
2381 84 1069 2304 
2382 2888 2276 3115 
2383 1262 1204 1361 
2384 81 82 2308 
2385 1069 85 2312 
2386 1821 2327 2645 
2387 1759 1757 2277 
2388 2471 1836 2723 
2389 1099 1101 2313 
2390 1675 1620 2773 
2391 1200 1194 2274 
2392 30 31 2445 
2393 2517 1925 2727 
2394 80 81 2310 
2395 1632 2512 3159 
2396 2467 2466 2597 
2397 1499 1497 2326 
2398 2277 1757 2278 
2399 2327 1821 2606 
2400 1821 1609 2606 
2401 1101 1195 2313 
2402 1202 1200 1203 
2403 2466 1794 2597 
2404 1194 1167 1207 
2405 1734 1730 2276 
2406 2003 2363 2569 
2407 2419 2418 2654 
2408 1210 1213 2399 
2409 2308 2309 2310 
2410 1158 1156 1191 
2411 2267 2540 2610 
2412 1726 1723 2284 
2413 1067 2288 2289 
2414 2301 1922 2610 
2415 1669 2410 2750 
2416 1507 1515 2409 
2417 1763 1761 2281 
2418 1669 1663 2540 
2419 1930 1931 2751 
2420 2517 1930 2734 
2421 2329 1574 2409 
2422 2323 1910 2675 
2423 1214 1216 1845 
2424 2065 2064 2066 
2425 1730 1728 2276 
2426 1195 1984 2313 
2427 1706 1264 1718 
2428 2007 2349 2353 
2429 2349 1990 2353 
2430 1210 1212 1213 
2431 1595 1593 2548 
2432 1735 1734 1752 
2433 1895 1759 2277 
2434 978 87 2330 
2435 1057 2333 2334 
2436 1218 1220 2295 
2437 1856 1726 2284 
2438 1800 2404 2570 
2439 1057 74 2332 
2440 1574 1505 2409 
2441 1990 2349 2685 
2442 1861 1774 1862 
2443 1245 2358 2704 
2444 1680 1920 2767 
2445 1791 1844 2586 
2446 1194 1207 2274 
2447 2769 2280 2773 
2448 55 1048 2286 
2449 1774 1767 2268 
2450 1995 1932 2942 
2451 2734 1930 2751 
2452 2294 1218 2295 
2453 1181 1209 2458 
2454 2580 2583 3004 
2455 2071 2072 2073 
2456 1216 1218 2294 
2457 1021 30 2445 
2458 1159 1173 2324 
2459 1784 2315 2371 
2460 2315 1784 2328 
2461 1046 77 2337 
2462 2319 2317 2321 
2463 1220 1222 1223 
2464 1213 1212 1214 
2465 2411 2301 2591 
2466 1783 2491 2492 
2467 2363 2362 2569 
2468 1209 1206 1210 
2469 2433 2432 2434 
2470 2270 1521 2326 
2471 2337 78 2338 
2472 1842 1179 2458 
2473 1845 1216 2294 
2474 2358 1801 2704 
2475 281 1049 2151 
2476 2529 2419 2654 
2477 1202 1203 1204 
2478 1181 1206 1209 
2479 2586 1990 2685 
2480 2273 2414 2733 
2481 1733 1730 1734 
2482 1068 2316 2317 
2483 1916 2262 2540 
2484 1521 1499 2326 
2485 1157 1156 1158 
2486 1195 1908 1984 
2487 2528 2419 2529 
2488 1721 1719 1722 
2489 1085 106 2340 
2490 1673 2727 2770 
2491 124 1088 2344 
2492 2823 1718 3025 
2493 1088 125 2345 
2494 1087 121 2346 
2495 76 77 1046 
2496 73 74 1057 
2497 2383 2381 2384 
2498 1003 2596 2902 
2499 1758 1757 1759 
2500 75 76 2331 
2501 2404 1800 2595 
2502 2166 2165 3110 
2503 1002 2304 2305 
2504 53 54 1067 
2505 55 56 1048 
2506 1683 1626 2364 
2507 2608 1448 2645 
2508 1872 2357 2448 
2509 2528 2495 2614 
2510 78 79 2338 
2511 2746 2408 2766 
2512 63 1093 2339 
2513 1680 2767 2769 
2514 1460 2637 2686 
2515 1107 1108 2668 
2516 1177 1179 1842 
2517 2379 1061 2380 
2518 1770 1767 1774 
2519 53 1067 2290 
2520 1781 1148 2677 
2521 1107 2325 2735 
2522 1663 1916 2540 
2523 79 80 1036 
2524 2306 2305 2307 
2525 2467 2597 2730 
2526 2318 2317 2319 
2527 1268 1872 2448 
2528 1413 2715 2720 
2529 2381 130 2384 
2530 1755 1753 1757 
2531 70 71 1037 
2532 61 62 1023 
2533 58 59 1041 
2534 1002 83 2304 
2535 1002 2305 2306 
2536 281 280 1049 
2537 2570 2470 2603 
2538 86 978 2312 
2539 222 1006 2895 
2540 1156 1152 2282 
2541 2418 2417 2711 
2542 2491 1783 2539 
2543 2251 1196 3118 
2544 2340 1063 2341 
2545 1166 1158 1167 
2546 2806 1134 2818 
2547 1760 1759 1761 
2548 1607 1605 2701 
2549 2370 1681 2459 
2550 278 277 1027 
2551 1675 2790 2793 
2552 2419 2528 2614 
2553 50 51 1020 
2554 2815 217 2856 
2555 2637 2326 2686 
2556 2470 1923 2563 
2557 1193 1167 1194 
2558 283 282 1025 
2559 1598 1595 2548 
2560 2227 1701 2361 
2561 2177 2176 2178 
2562 213 5 982 
2563 1154 1162 2348 
2564 1892 1971 2387 
2565 31 2444 2445 
2566 1346 2359 2581 
2567 2324 2325 2668 
2568 2044 2046 2047 
2569 1800 2570 2603 
2570 1068 69 2316 
2571 1783 2492 2548 
2572 1028 2481 2482 
2573 50 1020 2303 
2574 2869 2194 3061 
2575 1894 1774 2268 
2576 1560 1544 2377 
2577 1910 67 2675 
2578 100 1061 2379 
2579 1676 2228 2365 
2580 1023 62 2339 
2581 1459 2411 2591 
2582 1374 1373 2462 
2583 82 83 1002 
2584 1026 2424 2425 
2585 2711 2417 2715 
2586 1026 2426 2444 
2587 1925 2517 2734 
2588 1490 1547 2362 
2589 84 85 1069 
2590 2158 2156 2251 
2591 1316 2350 2656 
2592 2179 2933 3048 
2593 2426 2429 2444 
2594 1028 40 2481 
2595 86 87 978 
2596 1026 2425 2426 
2597 2365 2228 2366 
2598 1578 2517 2727 
2599 1339 1714 2398 
2600 1593 1783 2548 
2601 1844 1990 2586 
2602 1609 1607 2606 
2603 1790 1561 2370 
2604 2469 1923 2470 
2605 1062 2381 2382 
2606 1223 1222 1224 
2607 1675 2280 2790 
2608 138 971 2393 
2609 1179 1180 1181 
2610 2046 2045 2049 
2611 1140 1139 2369 
2612 74 75 2332 
2613 1224 1226 1256 
2614 1026 33 2424 
2615 54 55 2286 
2616 88 1081 2330 
2617 1681 2365 2367 
2618 2377 1544 2405 
2619 2498 2500 2505 
2620 1181 1205 1206 
2621 1199 1194 1200 
2622 1439 1440 2371 
2623 1155 1152 1156 
2624 275 274 991 
2625 1706 1718 1719 
2626 1891 1892 2387 
2627 1154 2348 2723 
2628 2145 1905 2149 
2629 2377 1791 2586 
2630 73 1057 2335 
2631 2715 2417 2720 
2632 2354 2355 2356 
2633 2053 2055 2241 
2634 1984 1908 2246 
2635 1084 123 2344 
2636 107 1063 2340 
2637 2498 2499 2500 
2638 2384 1033 2385 
2639 2378 1590 2506 
2640 1177 1178 1179 
2641 122 1084 2346 
2642 2493 2491 2539 
2643 126 1090 2345 
2644 2155 2153 2156 
2645 2231 1211 3054 
2646 2351 2350 2681 
2647 2362 1547 2569 
2648 1630 1676 2365 
2649 77 78 2337 
2650 2341 1063 2342 
2651 2324 1842 2325 
2652 2326 1497 2686 
2653 2388 1078 2389 
2654 1190 1268 2448 
2655 1923 2469 2557 
2656 1857 1269 2550 
2657 2537 2504 2572 
2658 2592 1469 2680 
2659 1173 1177 2324 
2660 1561 1562 2370 
2661 1892 1959 1971 
2662 2500 2502 2505 
2663 69 70 2316 
2664 1857 2550 2551 
2665 1210 1211 1212 
2666 2354 1267 2355 
2667 1162 1185 2348 
2668 1440 1784 2371 
2669 1859 1281 2375 
2670 1320 1346 2581 
2671 1442 2371 2629 
2672 1793 2468 2549 
2673 1185 1187 1855 
2674 137 138 2393 
2675 1198 1696 1891 
2676 105 106 1085 
2677 1727 1726 1728 
2678 1725 1723 1726 
2679 122 123 1084 
2680 1735 1752 1753 
2681 1111 1159 2668 
2682 1150 1148 1781 
2683 2017 1285 2376 
2684 1068 2317 2318 
2685 102 103 1089 
2686 126 127 1090 
2687 124 125 1088 
2688 214 213 2160 
2689 83 84 2304 
2690 1158 1191 2777 
2691 2598 2408 2746 
2692 107 108 1063 
2693 85 86 2312 
2694 82 1002 2308 
2695 1526 1512 2396 
2696 1185 1855 2348 
2697 2382 2381 2383 
2698 1062 129 2381 
2699 2308 2306 2309 
2700 1625 2362 2363 
2701 120 121 1087 
2702 1803 1801 2358 
2703 136 1078 2388 
2704 1080 93 2394 
2705 1214 1215 1216 
2706 1159 2324 2668 
2707 1453 1922 2411 
2708 1287 2017 2395 
2709 2477 1070 2478 
2710 1590 1385 2506 
2711 1187 1267 2354 
2712 2371 2315 2629 
2713 1733 1734 1735 
2714 1095 117 2373 
2715 112 1086 2374 
2716 1701 1703 2361 
2717 1442 1439 2371 
2718 90 972 2372 
2719 1416 1412 2493 
2720 1994 1964 2005 
2721 1207 1167 2777 
2722 1139 1142 2369 
2723 1686 1684 1963 
2724 1770 1774 1861 
2725 1325 1311 2397 
2726 1142 1146 2369 
2727 1703 1886 2020 
2728 68 69 1068 
2729 1268 1857 1872 
2730 1412 1409 2493 
2731 1661 1626 1683 
2732 1209 1210 2399 
2733 87 88 2330 
2734 1690 1682 2001 
2735 2163 2165 2166 
2736 2350 1808 2656 
2737 1646 1741 2402 
2738 1377 1374 2462 
2739 131 1033 2384 
2740 100 101 1061 
2741 128 129 1062 
2742 33 34 2424 
2743 1343 1339 2398 
2744 1564 1495 1625 
2745 1496 1430 2403 
2746 1495 1490 2362 
2747 1626 1625 2364 
2748 1164 1171 1697 
2749 1625 1495 2362 
2750 1855 1187 2354 
2751 1762 1761 1763 
2752 1301 1321 2420 
2753 1072 2421 2422 
2754 1490 1489 1547 
2755 1146 1160 1168 
2756 88 89 1081 
2757 2434 2432 2436 
2758 1416 2493 2539 
2759 1676 1701 2227 
2760 118 119 1045 
2761 110 111 1044 
2762 970 2487 2488 
2763 1452 1453 2411 
2764 1460 1434 2414 
2765 1410 2418 2711 
2766 1179 1181 2458 
2767 1496 2403 2404 
2768 1681 1630 2365 
2769 2426 2425 2427 
2770 40 41 2481 
2771 1541 1542 2405 
2772 2470 2563 2603 
2773 1690 2001 2002 
2774 1191 1156 2282 
2775 2498 2496 2499 
2776 1547 1587 1588 
2777 99 100 2379 
2778 1273 2103 2447 
2779 1630 1631 1676 
2780 1919 2329 2410 
2781 2479 2478 2480 
2782 1703 2020 2361 
2783 1357 1744 2451 
2784 44 1008 2406 
2785 1588 1682 1690 
2786 1784 1498 2454 
2787 1205 2251 2882 
2788 1714 1337 2452 
2789 1155 1156 1157 
2790 1790 2370 2459 
2791 1487 1465 1489 
2792 970 174 2487 
2793 2415 1567 2589 
2794 1452 1451 1453 
2795 1142 1145 1146 
2796 1588 1690 2569 
2797 1433 1435 2400 
2798 1274 1273 2447 
2799 1588 1589 1682 
2800 1177 1842 2324 
2801 1628 1630 1681 
2802 1555 1389 2412 
2803 1740 2112 2413 
2804 1081 89 2372 
2805 118 1045 2373 
2806 1044 111 2374 
2807 1949 2368 2815 
2808 2351 2681 2697 
2809 1879 1651 2446 
2810 131 132 1033 
2811 97 98 1034 
2812 2468 1516 2549 
2813 2496 199 2499 
2814 1542 1558 2405 
2815 2404 2403 2570 
2816 1570 2449 2450 
2817 106 107 2340 
2818 2606 1607 2701 
2819 1173 1175 1177 
2820 2461 1377 2462 
2821 1664 1621 1665 
2822 1072 35 2421 
2823 1303 1301 2420 
2824 1968 2013 2014 
2825 1450 1445 1451 
2826 42 1070 2477 
2827 1216 1217 1218 
2828 123 124 2344 
2829 2469 1424 2557 
2830 1008 45 2475 
2831 1729 1728 1730 
2832 125 126 2345 
2833 1676 2227 2228 
2834 1507 1508 1509 
2835 1891 1696 1892 
2836 1544 1541 2405 
2837 1068 2318 2675 
2838 2477 2478 2479 
2839 121 122 2346 
2840 1505 1506 1507 
2841 1570 1393 2449 
2842 1676 1631 1701 
2843 2157 2156 2158 
2844 1437 1438 1439 
2845 1547 1489 1587 
2846 1690 2003 2569 
2847 1625 2363 2364 
2848 1645 1646 2402 
2849 202 2537 2572 
2850 2495 1567 2614 
2851 1450 1451 1452 
2852 1861 1862 1979 
2853 1435 1436 1437 
2854 149 977 2513 
2855 1073 188 2453 
2856 1791 1790 1843 
2857 1291 1349 2463 
2858 1971 1959 1972 
2859 1434 1432 2414 
2860 1562 1628 2370 
2861 2440 2776 2836 
2862 2407 1921 2408 
2863 997 135 2388 
2864 94 998 2394 
2865 1531 1534 2494 
2866 1600 1878 2457 
2867 1269 1710 2550 
2868 1558 1561 1789 
2869 1916 1664 1917 
2870 2318 2319 2320 
2871 1487 1489 1490 
2872 1680 2769 2773 
2873 1137 1139 1140 
2874 273 272 1051 
2875 1228 1230 1231 
2876 1379 1377 2461 
2877 1433 1434 1435 
2878 2444 2429 2445 
2879 2464 2465 2466 
2880 1510 1512 1526 
2881 215 214 2253 
2882 2027 1778 2526 
2883 994 2523 2525 
2884 49 50 2303 
2885 1938 2592 2680 
2886 2389 1078 2390 
2887 2472 2473 2474 
2888 1789 1561 1790 
2889 2523 2524 2525 
2890 2464 1516 2465 
2891 1587 1489 2591 
2892 134 135 997 
2893 94 95 998 
2894 1459 1452 2411 
2895 1439 1438 1440 
2896 1552 1551 1621 
2897 1687 1603 2460 
2898 1564 1625 1626 
2899 1789 1790 1791 
2900 2472 996 2473 
2901 1188 1190 2448 
2902 1437 1436 1438 
2903 1515 1509 1551 
2904 1503 1504 1505 
2905 1201 1200 1202 
2906 1628 1629 1630 
2907 2494 1534 2698 
2908 1817 2594 2672 
2909 1435 1434 1436 
2910 1530 1531 2494 
2911 1922 1918 2267 
2912 1311 1309 2397 
2913 1699 1782 1883 
2914 1535 1537 1538 
2915 1567 1485 2589 
2916 1279 1277 1955 
2917 1365 1359 2451 
2918 1335 1334 1699 
2919 1558 1789 2405 
2920 2647 1943 2655 
2921 1710 1868 1967 
2922 1514 1530 2396 
2923 1539 1541 1543 
2924 1453 1918 1922 
2925 1283 1281 1859 
2926 1651 1652 2446 
2927 2301 1587 2591 
2928 1039 2496 2497 
2929 1072 2422 2423 
2930 1281 1279 2375 
2931 1744 1356 1980 
2932 1433 1432 1434 
2933 1877 1788 1965 
2934 1699 2120 2452 
2935 1509 1508 1510 
2936 1663 1621 1664 
2937 1560 2377 2586 
2938 1357 1356 1744 
2939 972 91 2455 
2940 1373 1370 2538 
2941 1507 1506 1508 
2942 1401 1516 2464 
2943 1531 1533 1534 
2944 1359 1357 2451 
2945 130 131 2384 
2946 1538 1539 2558 
2947 1466 2283 2774 
2948 1453 1670 1918 
2949 1465 1459 2591 
2950 1538 2643 2667 
2951 1844 1843 1988 
2952 1430 1428 2403 
2953 174 175 2487 
2954 1277 1274 2447 
2955 994 24 2523 
2956 996 182 2531 
2957 1432 1496 2414 
2958 1588 1587 1589 
2959 1146 1145 1160 
2960 2049 2045 2056 
2961 1432 1430 1496 
2962 2643 1928 2667 
2963 1287 1285 2017 
2964 1512 1514 2396 
2965 1505 1504 1506 
2966 1261 1204 1262 
2967 1787 1379 1788 
2968 1013 2532 2533 
2969 2527 2495 2528 
2970 2499 1019 2500 
2971 2348 1855 2471 
2972 1514 1529 1530 
2973 1285 1283 2376 
2974 1075 2483 2485 
2975 1778 2271 2526 
2976 2483 2484 2485 
2977 1921 1674 2553 
2978 129 130 2381 
2979 1619 1674 1680 
2980 2426 2427 2428 
2981 45 46 2475 
2982 184 1013 2530 
2983 1327 1324 1334 
2984 1965 2097 2254 
2985 1279 1955 2375 
2986 1320 1315 1346 
2987 1322 2647 2655 
2988 26 1005 2522 
2989 1674 1617 2553 
2990 1787 1788 1877 
2991 181 996 2472 
2992 1339 1337 1714 
2993 1313 1311 1325 
2994 1647 1554 2519 
2995 1591 2489 2490 
2996 1805 1667 2566 
2997 1273 1271 2102 
2998 1370 1369 2538 
2999 1799 1798 1966 
3000 1289 1287 2395 
3001 1618 1617 1619 
3002 1699 1334 1782 
3003 1331 1318 2515 
3004 1070 43 2406 
3005 1355 1343 1356 
3006 1440 1498 1784 
3007 1283 1859 2376 
3008 2500 2501 2502 
3009 1989 1988 2164 
3010 1268 1269 1857 
3011 2001 1682 2261 
3012 1798 1796 2146 
3013 1661 1683 1684 
3014 1309 1306 1785 
3015 2290 2289 2291 
3016 62 63 2339 
3017 203 1003 2537 
3018 1791 1843 1844 
3019 1782 1334 2581 
3020 1630 1629 1631 
3021 2508 2511 2514 
3022 2365 2366 2367 
3023 1597 1600 2457 
3024 1364 1359 1365 
3025 1273 2102 2103 
3026 1309 1785 2397 
3027 1349 1289 2395 
3028 1741 1648 2587 
3029 219 989 2233 
3030 1883 1782 2087 
3031 1955 1277 2447 
3032 1291 1289 1349 
3033 1500 1502 1503 
3034 1738 1740 2413 
3035 984 178 2476 
3036 1428 1457 2403 
3037 1496 2404 2733 
3038 1389 1387 2412 
3039 1560 2586 2685 
3040 2640 1316 2656 
3041 1611 1821 2456 
3042 1699 1883 2120 
3043 1988 1843 2139 
3044 1789 2377 2405 
3045 1387 1385 1590 
3046 2523 2522 2524 
3047 1075 176 2483 
3048 1431 1432 1433 
3049 1622 1474 2527 
3050 988 224 2168 
3051 1538 1537 1539 
3052 2400 1435 2546 
3053 2440 2438 2443 
3054 1368 1366 1369 
3055 1293 1291 2463 
3056 1318 1308 2515 
3057 1341 1943 2618 
3058 36 1043 2421 
3059 1591 1407 2489 
3060 2359 1782 2581 
3061 1619 1617 1674 
3062 1534 1533 1535 
3063 2497 2496 2498 
3064 41 42 2477 
3065 2318 2323 2675 
3066 47 48 1001 
3067 44 45 1008 
3068 1409 1591 2493 
3069 1440 1497 1498 
3070 1372 1370 1373 
3071 1503 1502 1504 
3072 1051 272 2161 
3073 1543 1541 1544 
3074 2501 1019 2572 
3075 23 994 2534 
3076 1074 2472 2474 
3077 2492 2490 2730 
3078 1387 1590 2412 
3079 136 137 1078 
3080 92 93 1080 
3081 1183 1161 2663 
3082 1507 1509 1515 
3083 1335 1699 2452 
3084 1654 1930 2517 
3085 1546 2631 2641 
3086 2507 2508 2514 
3087 1157 1158 1166 
3088 1503 1574 2454 
3089 1039 198 2496 
3090 1127 1130 1131 
3091 1635 1620 1675 
3092 1707 1738 2143 
3093 32 1026 2444 
3094 979 2507 2514 
3095 1686 1963 1964 
3096 1378 1377 1379 
3097 1306 1303 2420 
3098 1740 2026 2112 
3099 189 1029 2453 
3100 1603 1599 2460 
3101 1919 2328 2329 
3102 1628 1681 2370 
3103 1554 1545 2519 
3104 1680 1674 1920 
3105 1474 1476 2527 
3106 92 1080 2455 
3107 1453 1451 1670 
3108 1543 1544 1545 
3109 42 43 1070 
3110 2465 1516 2468 
3111 1710 1967 2550 
3112 1297 1295 1333 
3113 1327 1334 1335 
3114 1592 1923 2557 
3115 1940 1941 2283 
3116 2504 2501 2572 
3117 1527 1504 2562 
3118 1721 1722 1723 
3119 200 1019 2499 
3120 1594 1593 1595 
3121 1592 1454 1593 
3122 2143 1738 2413 
3123 1503 1505 1574 
3124 1553 1554 1645 
3125 1596 1595 1597 
3126 1418 1416 2539 
3127 979 146 2507 
3128 1376 1374 1377 
3129 1482 1567 2495 
3130 173 970 2521 
3131 1391 1389 1555 
3132 1079 141 2516 
3133 1878 1651 1879 
3134 148 149 2513 
3135 977 150 2518 
3136 1591 2490 2491 
3137 2500 1019 2501 
3138 1599 1597 2457 
3139 1934 1935 1940 
3140 1504 1502 2562 
3141 1948 1624 2600 
3142 1461 2464 2466 
3143 1013 185 2532 
3144 1078 137 2393 
3145 1558 1559 1561 
3146 1562 1627 1628 
3147 222 221 1006 
3148 1077 152 2520 
3149 1420 1592 2557 
3150 36 37 1043 
3151 2483 984 2484 
3152 192 193 1071 
3153 194 195 1030 
3154 219 218 989 
3155 225 224 988 
3156 1592 1593 1594 
3157 1393 1391 2449 
3158 1385 1382 2506 
3159 2014 2013 2015 
3160 1543 1545 1553 
3161 1530 1529 1531 
3162 1965 1788 2097 
3163 1600 1651 1878 
3164 1599 2457 2460 
3165 34 35 1072 
3166 1594 1595 1596 
3167 1420 1454 1592 
3168 1457 2470 2570 
3169 1428 1426 1457 
3170 209 1059 2536 
3171 1553 1545 1554 
3172 1516 1399 2549 
3173 1613 1611 2456 
3174 32 33 1026 
3175 1596 1597 1599 
3176 1420 1418 1454 
3177 1380 1379 1787 
3178 1510 1511 1512 
3179 1004 2555 2556 
3180 1258 1254 1743 
3181 1443 1433 2400 
3182 197 198 1039 
3183 2502 2501 2503 
3184 2594 1520 2672 
3185 1436 1434 1460 
3186 1622 2527 2528 
3187 1395 1393 1570 
3188 1667 1659 1668 
3189 1885 1808 2350 
3190 2491 2490 2492 
3191 1642 1603 1687 
3192 1355 1356 1357 
3193 39 40 1028 
3194 34 1072 2424 
3195 2350 1316 2681 
3196 1391 1555 2449 
3197 189 190 1029 
3198 1890 1956 1957 
3199 1457 2469 2470 
3200 63 64 1093 
3201 1616 1614 1617 
3202 1890 1889 1956 
3203 1936 2640 2656 
3204 1498 1499 1500 
3205 183 2530 2531 
3206 1515 1551 1552 
3207 1618 1619 1620 
3208 1844 1988 1989 
3209 1246 1242 1801 
3210 1806 1352 1936 
3211 1356 1343 2398 
3212 1646 1648 1741 
3213 1324 1320 2581 
3214 25 2522 2523 
3215 1307 1306 1309 
3216 1668 1888 1889 
3217 187 188 1073 
3218 1441 1439 1442 
3219 22 2534 2543 
3220 1918 1919 2410 
3221 1310 1309 1311 
3222 1185 1186 1187 
3223 1622 2528 2529 
3224 1645 1554 1646 
3225 1445 1442 2629 
3226 1431 1430 1432 
3227 135 136 2388 
3228 93 94 2394 
3229 200 201 1019 
3230 29 30 1021 
3231 1786 1673 1926 
3232 1190 1266 1268 
3233 1575 1576 1673 
3234 1936 2515 2638 
3235 1658 1657 1659 
3236 1611 1609 1821 
3237 26 27 1005 
3238 1187 1188 1267 
3239 1449 1445 1450 
3240 1797 1796 1798 
3241 1461 1403 2464 
3242 1545 1544 1560 
3243 1500 1503 2454 
3244 1643 1642 1657 
3245 1545 1560 2519 
3246 2177 2178 2179 
3247 1600 1601 1651 
3248 1386 1385 1387 
3249 1498 1500 2454 
3250 2267 1918 2410 
3251 184 185 1013 
3252 1703 1881 1886 
3253 1652 1707 2446 
3254 1622 2529 2567 
3255 1597 1598 1600 
3256 1885 2350 2351 
3257 2507 1076 2508 
3258 1337 1335 2452 
3259 1235 1234 2713 
3260 2567 2529 2568 
3261 1500 1501 1502 
3262 2511 2510 2512 
3263 1074 180 2472 
3264 1312 1311 1313 
3265 2222 2224 2225 
3266 1789 1791 2377 
3267 183 184 2530 
3268 1403 1401 2464 
3269 1931 1933 1934 
3270 1384 1382 1385 
3271 1405 1403 1461 
3272 43 44 2406 
3273 1075 2485 2486 
3274 1458 1452 1459 
3275 1395 1570 1793 
3276 1612 1611 1613 
3277 1493 1566 1575 
3278 1668 1889 1890 
3279 1401 1399 1516 
3280 2508 2509 2510 
3281 1950 1748 2007 
3282 1796 1645 2402 
3283 1444 1442 1445 
3284 2437 2436 2438 
3285 179 1074 2476 
3286 1352 1331 2515 
3287 155 1083 2541 
3288 1755 1757 1758 
3289 1658 1659 1667 
3290 202 203 2537 
3291 1417 1416 1418 
3292 25 26 2522 
3293 1480 1482 2495 
3294 1440 1438 1497 
3295 2075 2072 2076 
3296 2489 2467 2490 
3297 1668 1659 1888 
3298 1785 1306 2420 
3299 1301 1299 1321 
3300 23 24 994 
3301 203 204 1003 
3302 206 207 990 
3303 1482 1485 1567 
3304 1707 1708 1738 
3305 1426 1424 2469 
3306 1578 1654 2517 
3307 1795 1645 1796 
3308 177 984 2483 
3309 1604 1603 1642 
3310 2416 1927 2417 
3311 1364 1365 1366 
3312 1429 1428 1430 
3313 2631 1876 2641 
3314 228 227 974 
3315 216 215 975 
3316 1802 1801 1803 
3317 1602 1599 1603 
3318 1654 1693 1930 
3319 1646 1647 1648 
3320 1427 1426 1428 
3321 1395 1793 2549 
3322 1616 1617 1618 
3323 181 182 996 
3324 1419 1418 1420 
3325 1368 1369 1370 
3326 990 207 2535 
3327 1447 1456 2585 
3328 1461 2467 2489 
3329 2266 1957 2269 
3330 1751 1977 1978 
3331 1278 1277 1279 
3332 35 36 2421 
3333 1388 1387 1389 
3334 1552 1621 1663 
3335 117 118 2373 
3336 111 112 2374 
3337 226 225 2167 
3338 89 90 2372 
3339 1024 2543 2544 
3340 1575 1673 1786 
3341 2083 1853 2794 
3342 2270 2326 2637 
3343 1094 19 2552 
3344 1575 1566 1576 
3345 179 180 1074 
3346 1738 1739 1740 
3347 2508 2510 2511 
3348 1280 1279 1281 
3349 1476 1480 2527 
3350 1425 1424 1426 
3351 175 1075 2487 
3352 1740 1778 2026 
3353 1539 1540 1541 
3354 987 2559 2560 
3355 1583 1585 2547 
3356 1282 1281 1283 
3357 1918 1670 1919 
3358 1643 1657 1658 
3359 147 1076 2507 
3360 199 200 2499 
3361 142 1004 2516 
3362 198 199 2496 
3363 1004 143 2555 
3364 188 189 2453 
3365 1936 1352 2515 
3366 2508 1076 2509 
3367 151 1077 2518 
3368 2424 2423 2425 
3369 2007 1748 2349 
3370 1663 1664 1916 
3371 1840 1827 1947 
3372 1305 1303 1306 
3373 177 178 984 
3374 2560 2559 2561 
3375 31 32 2444 
3376 1083 2564 2565 
3377 1967 1868 1968 
3378 175 176 1075 
3379 185 186 2532 
3380 173 174 970 
3381 1535 1536 1537 
3382 1786 1926 1927 
3383 153 969 2520 
3384 1652 1672 1707 
3385 1410 2625 2654 
3386 1940 1935 1941 
3387 1889 1888 2090 
3388 1314 1313 1315 
3389 2559 1082 2561 
3390 1341 1353 1943 
3391 1376 1377 1378 
3392 22 23 2534 
3393 1617 1614 2553 
3394 1707 2143 2446 
3395 1575 1786 2589 
3396 1390 1389 1391 
3397 1567 2415 2614 
3398 1284 1283 1285 
3399 1610 1609 1611 
3400 1531 1532 1533 
3401 1542 1557 1558 
3402 1461 2466 2467 
3403 1409 1407 1591 
3404 1498 1497 1499 
3405 1082 172 2521 
3406 1472 1622 2567 
3407 1494 1490 1495 
3408 2434 2436 2437 
3409 41 2477 2481 
3410 112 113 1086 
3411 116 117 1095 
3412 1457 1426 2469 
3413 2481 2479 2482 
3414 2567 2568 2585 
3415 1319 1315 1320 
3416 1646 1554 1647 
3417 2416 2417 2418 
3418 1424 1421 2557 
3419 145 146 979 
3420 147 148 1076 
3421 142 143 1004 
3422 140 141 1079 
3423 149 150 977 
3424 138 139 971 
3425 90 91 972 
3426 1994 2005 2006 
3427 151 152 1077 
3428 1372 1373 1374 
3429 24 25 2523 
3430 1415 1412 1416 
3431 1934 1933 1935 
3432 969 154 2541 
3433 1597 1595 1598 
3434 1606 1605 1607 
3435 1608 1607 1609 
3436 1323 1320 1324 
3437 1593 1454 1783 
3438 153 154 969 
3439 182 183 2531 
3440 1700 1352 1806 
3441 2134 2133 2135 
3442 1641 1717 1937 
3443 1786 2415 2589 
3444 1405 1461 2489 
3445 1480 2495 2527 
3446 1423 1421 1424 
3447 1787 2378 2506 
3448 1162 1184 1185 
3449 1604 1642 1643 
3450 2585 2568 2604 
3451 1500 1499 1501 
3452 2177 2179 2180 
3453 2146 1796 2402 
3454 1276 1274 1277 
3455 180 181 2472 
3456 1392 1391 1393 
3457 1547 1588 2569 
3458 1086 113 2554 
3459 1614 1613 2553 
3460 1930 1693 1931 
3461 1286 1285 1287 
3462 1083 156 2564 
3463 91 92 2455 
3464 1585 1641 2547 
3465 2535 208 2536 
3466 1288 1287 1289 
3467 2439 2438 2440 
3468 1502 1501 1548 
3469 1378 1379 1380 
3470 2429 2428 2430 
3471 178 179 2476 
3472 1641 1937 2547 
3473 1990 1989 2353 
3474 1480 1481 1482 
3475 176 177 2483 
3476 208 209 2536 
3477 1024 2544 2545 
3478 1464 1459 1465 
3479 1024 21 2543 
3480 2114 1803 2116 
3481 1628 1627 1629 
3482 1797 1798 1799 
3483 2574 1047 2575 
3484 19 20 2552 
3485 987 170 2559 
3486 2047 2050 2053 
3487 1456 1470 2585 
3488 1670 1451 2629 
3489 2625 2568 2654 
3490 1485 1493 2589 
3491 66 67 1910 
3492 1600 1598 1601 
3493 1482 1484 1485 
3494 1348 1331 1352 
3495 1602 1603 1604 
3496 172 173 2521 
3497 1780 2094 2653 
3498 1596 1599 1602 
3499 2403 1457 2570 
3500 1787 1877 2378 
3501 171 172 1082 
3502 1489 1465 2591 
3503 1780 2093 2094 
3504 1076 148 2513 
3505 1429 1430 1431 
3506 146 147 2507 
3507 141 142 2516 
3508 1272 1271 1273 
3509 1572 1525 1605 
3510 150 151 2518 
3511 2494 2698 2699 
3512 143 144 2555 
3513 1583 2547 2588 
3514 21 22 2543 
3515 152 153 2520 
3516 1650 1749 1751 
3517 1980 1356 2398 
3518 1479 1523 2588 
3519 1384 1385 1386 
3520 1807 1806 1808 
3521 1380 1787 2506 
3522 1650 1751 2587 
3523 1592 1594 1923 
3524 1804 1667 1805 
3525 1553 1645 1795 
3526 171 1082 2559 
3527 1612 1613 1614 
3528 1472 1474 1622 
3529 1417 1418 1419 
3530 1651 1601 1652 
3531 1667 1668 2566 
3532 1394 1393 1395 
3533 155 156 1083 
3534 1290 1289 1291 
3535 1605 1525 2592 
3536 161 162 2579 
3537 1493 1565 1566 
3538 1476 1478 1480 
3539 2130 2089 2131 
3540 1334 1324 2581 
3541 1427 1428 1429 
3542 1415 1416 1417 
3543 2575 2576 2577 
3544 1814 1656 2619 
3545 207 208 2535 
3546 2487 2486 2488 
3547 2329 2409 2750 
3548 1764 1763 1765 
3549 2670 1536 2688 
3550 1485 1492 1493 
3551 1326 1324 1327 
3552 1648 1650 2587 
3553 1486 1465 1487 
3554 1431 1433 1443 
3555 1610 1611 1612 
3556 1437 1439 1441 
3557 1884 1808 1885 
3558 1470 1472 2567 
3559 1890 1957 2266 
3560 1336 1335 1337 
3561 1502 1548 2562 
3562 154 155 2541 
3563 1386 1387 1388 
3564 1425 1426 1427 
3565 1419 1420 1421 
3566 160 1047 2574 
3567 1000 158 2573 
3568 1407 1405 2489 
3569 157 1000 2564 
3570 1421 1420 2557 
3571 1512 1513 1514 
3572 1701 1702 1703 
3573 1435 1437 2546 
3574 158 159 2573 
3575 1305 1306 1307 
3576 1707 1672 1708 
3577 2575 1047 2576 
3578 1596 1602 2563 
3579 1470 2567 2585 
3580 156 157 2564 
3581 2573 159 2574 
3582 1523 1583 2588 
3583 1307 1309 1310 
3584 20 21 1024 
3585 1292 1291 1293 
3586 113 114 2554 
3587 1928 1929 2698 
3588 2415 1927 2416 
3589 2315 1670 2629 
3590 1423 1424 1425 
3591 2349 1748 2613 
3592 1585 1640 1641 
3593 1019 201 2572 
3594 1923 1594 2563 
3595 1059 210 2571 
3596 1400 1399 1401 
3597 1396 1395 2549 
3598 1294 1293 1295 
3599 170 171 2559 
3600 1747 1649 1748 
3601 1506 1504 1527 
3602 1738 1708 1739 
3603 1641 1716 1717 
3604 1510 1508 1511 
3605 1576 1577 1578 
3606 1047 161 2579 
3607 1388 1389 1390 
3608 1263 1262 1264 
3609 1398 1396 1399 
3610 1402 1401 1403 
3611 1399 1396 2549 
3612 169 170 987 
3613 1310 1311 1312 
3614 209 210 1059 
3615 2184 2187 2188 
3616 157 158 1000 
3617 1338 1337 1339 
3618 159 160 2574 
3619 1943 1353 1944 
3620 1468 1524 2601 
3621 1606 1607 1608 
3622 211 1911 2571 
3623 210 211 2571 
3624 1608 1609 1610 
3625 18 19 1094 
3626 1404 1403 1405 
3627 1572 1605 1606 
3628 1096 165 2582 
3629 160 161 1047 
3630 166 167 1064 
3631 166 1064 2582 
3632 211 212 1911 
3633 165 166 2582 
3634 164 165 1096 
3635 2576 2579 2580 
3636 2547 1937 2639 
3637 1740 1739 1778 
3638 1539 1543 2558 
3639 1594 1596 2563 
3640 1920 1674 1921 
3641 201 202 2572 
3642 2593 1522 2611 
3643 1493 1575 2589 
3644 1623 1945 2627 
3645 1348 1352 1700 
3646 1482 1481 1484 
3647 1480 1478 1481 
3648 1296 1295 1297 
3649 2576 1047 2579 
3650 1890 2266 2566 
3651 1210 1206 1211 
3652 1259 1258 1271 
3653 1390 1391 1392 
3654 1623 1679 1945 
3655 2618 1943 2647 
3656 1852 1624 1948 
3657 1342 1339 1343 
3658 1690 2002 2003 
3659 1506 1527 2590 
3660 1647 2519 2613 
3661 1815 1816 1817 
3662 2026 1778 2027 
3663 1578 1653 1654 
3664 1514 1528 1529 
3665 1668 1890 2566 
3666 1581 1522 2593 
3667 2509 1076 2513 
3668 1354 1343 1355 
3669 1075 2486 2487 
3670 1817 1818 1823 
3671 1795 1796 1797 
3672 20 1024 2552 
3673 1573 1689 1815 
3674 1411 1414 2604 
3675 1443 2400 2401 
3676 1700 1806 1807 
3677 1179 1178 1180 
3678 1561 1559 1562 
3679 2132 2131 2133 
3680 1788 1379 2461 
3681 1485 1484 1492 
3682 1978 1977 2144 
3683 1823 1824 1831 
3684 1712 1581 2593 
3685 1641 1640 1716 
3686 1392 1393 1394 
3687 1524 1573 2601 
3688 1931 1932 1933 
3689 1454 1418 2539 
3690 1002 2306 2308 
3691 1406 1405 1407 
3692 1658 1667 1804 
3693 1298 1297 1299 
3694 1312 1313 1314 
3695 1711 1581 1712 
3696 1456 1463 1470 
3697 1786 1927 2415 
3698 2437 2438 2439 
3699 2087 1782 2359 
3700 1358 1357 1359 
3701 2121 1838 2122 
3702 1677 1938 1939 
3703 1493 1492 1565 
3704 1072 2423 2424 
3705 1885 2351 2352 
3706 1717 1716 2108 
3707 1576 1566 1577 
3708 1654 1692 1693 
3709 1543 1553 2558 
3710 1758 1759 1760 
3711 1024 2545 2552 
3712 1479 2588 2605 
3713 1553 1795 2558 
3714 1523 1582 1583 
3715 1164 1169 1171 
3716 1468 1467 1469 
3717 1408 1407 1409 
3718 1773 1893 2718 
3719 1255 1254 1258 
3720 1447 2585 2604 
3721 2155 2156 2157 
3722 2416 2418 2419 
3723 1586 1584 1694 
3724 1470 1471 1472 
3725 1844 1989 1990 
3726 1120 1118 2620 
3727 1347 1737 1839 
3728 1747 1748 1950 
3729 2426 2428 2429 
3730 1648 1647 1649 
3731 1817 1823 2594 
3732 1394 1395 1396 
3733 2327 1517 2608 
3734 1371 1370 1372 
3735 1414 1447 2604 
3736 1585 1586 1640 
3737 1838 1183 2663 
3738 1160 1163 1164 
3739 1462 1455 1467 
3740 1936 2638 2640 
3741 1640 1586 1715 
3742 2258 2069 2259 
3743 1808 1806 2656 
3744 1367 1366 1368 
3745 2503 2501 2504 
3746 1363 1359 1364 
3747 1382 1380 2506 
3748 1317 1329 1341 
3749 1411 1409 1412 
3750 1919 2315 2328 
3751 1634 1620 1635 
3752 1278 1279 1280 
3753 1633 1742 1810 
3754 1422 1421 1423 
3755 1398 1399 1400 
3756 1583 1584 1585 
3757 1817 1816 1818 
3758 1400 1401 1402 
3759 1427 1429 2598 
3760 1282 1283 1284 
3761 1512 1511 1513 
3762 1745 1635 1853 
3763 1751 1749 1977 
3764 1402 1403 1404 
3765 1524 1469 1525 
3766 2108 1716 2109 
3767 1815 1689 1816 
3768 1525 1469 2592 
3769 1472 1473 1474 
3770 1341 1344 1353 
3771 1898 1876 1899 
3772 1314 1315 1319 
3773 1813 1656 1814 
3774 1823 1818 1824 
3775 1807 1808 1884 
3776 1591 2491 2493 
3777 1280 1281 1282 
3778 1711 1712 1961 
3779 1843 1790 2459 
3780 1950 2007 2147 
3781 1414 1412 1415 
3782 1276 1277 1278 
3783 1924 1517 2327 
3784 1887 1704 2024 
3785 1804 1805 2273 
3786 1831 1824 1869 
3787 1541 1540 1542 
3788 1571 1525 1572 
3789 1691 1569 1811 
3790 1922 2267 2610 
3791 1476 1477 1478 
3792 1450 1452 1458 
3793 236 235 968 
3794 2439 2440 2441 
3795 1319 1320 1323 
3796 1583 1582 1584 
3797 1479 1477 1522 
3798 1615 1614 1616 
3799 1469 1467 2680 
3800 1652 1671 1672 
3801 1900 1688 1901 
3802 1404 1405 1406 
3803 1474 1475 1476 
3804 1330 1318 1331 
3805 1585 1584 1586 
3806 1288 1289 1290 
3807 1523 1581 1582 
3808 1284 1285 1286 
3809 1578 1577 1653 
3810 233 232 973 
3811 6 230 976 
3812 1345 1331 1348 
3813 1383 1382 1384 
3814 2355 1267 2357 
3815 1523 1522 1581 
3816 1479 1522 1523 
3817 1711 1961 1982 
3818 1286 1287 1288 
3819 1300 1299 1301 
3820 1534 1535 2667 
3821 1582 1581 1711 
3822 1375 1374 1376 
3823 1267 1188 2448 
3824 1573 1815 2601 
3825 1605 2592 2701 
3826 1470 1463 1471 
3827 1478 1477 1479 
3828 1748 1649 2613 
3829 1437 1441 2546 
3830 1563 1495 1564 
3831 1484 1481 1518 
3832 1472 1471 1473 
3833 1931 1693 1932 
3834 1604 1643 1800 
3835 1381 1380 1382 
3836 1272 1273 1274 
3837 2605 2588 2639 
3838 1475 1473 1491 
3839 1633 1810 2623 
3840 1875 1820 1876 
3841 1535 1533 1536 
3842 1538 2558 2643 
3843 1462 1467 1468 
3844 1565 1569 1662 
3845 2137 1887 2138 
3846 2415 2416 2614 
3847 1654 1653 1692 
3848 1177 1175 1178 
3849 1869 1824 2111 
3850 1406 1407 1408 
3851 1691 1811 1835 
3852 1662 1691 1880 
3853 1419 1421 1422 
3854 1558 1557 1559 
3855 1327 1335 1336 
3856 1783 1454 2539 
3857 2222 2223 2224 
3858 1290 1291 1292 
3859 1476 1475 1477 
3860 1408 1409 1411 
3861 1425 1427 1448 
3862 1294 1295 1296 
3863 2180 2179 2181 
3864 1414 1446 1447 
3865 1577 1566 2612 
3866 1572 1606 1644 
3867 1292 1293 1294 
3868 1468 1469 1524 
3869 1268 1266 1269 
3870 2477 2479 2481 
3871 1171 1197 1198 
3872 2125 2030 2272 
3873 1474 1473 1475 
3874 1181 1180 1205 
3875 1447 1455 1456 
3876 973 232 2171 
3877 1323 1324 1326 
3878 1456 1462 1463 
3879 1411 1412 1414 
3880 1524 1571 1573 
3881 1818 1816 1998 
3882 1573 1688 1689 
3883 1518 2605 2639 
3884 1945 1679 2285 
3885 1608 1610 1632 
3886 1737 1887 2137 
3887 1414 1415 1446 
3888 1451 1445 2629 
3889 968 235 2169 
3890 1565 1492 1569 
3891 1347 1839 2622 
3892 1539 1537 1540 
3893 1884 1885 2596 
3894 239 238 985 
3895 1253 1251 1254 
3896 1677 1939 2609 
3897 2548 2492 2722 
3898 1524 1525 1571 
3899 2082 1853 2083 
3900 1422 1423 1517 
3901 1678 1519 1822 
3902 1662 1569 1691 
3903 1441 1442 1444 
3904 1694 1584 2599 
3905 1304 1303 1305 
3906 1652 1601 1671 
3907 1809 2612 2635 
3908 1341 1329 1344 
3909 240 239 2175 
3910 1296 1297 1298 
3911 1422 1517 1677 
3912 2612 1662 2635 
3913 1471 1463 1520 
3914 1348 1700 1858 
3915 1447 1446 1455 
3916 1456 1455 1462 
3917 1302 1301 1303 
3918 1643 1658 2595 
3919 1924 2327 2606 
3920 1708 1672 1794 
3921 2097 1788 2461 
3922 1612 1614 1615 
3923 1446 2658 2671 
3924 1941 1935 1942 
3925 1566 1565 2612 
3926 2667 1928 2698 
3927 241 240 2244 
3928 1689 1688 1900 
3929 258 257 986 
3930 1584 1582 2599 
3931 1573 1571 1688 
3932 1298 1299 1300 
3933 1397 1396 1398 
3934 2142 1884 2596 
3935 1166 1167 1193 
3936 1478 1479 2605 
3937 1589 1587 2301 
3938 1737 1704 1887 
3939 242 241 1007 
3940 1677 1924 1938 
3941 1347 1704 1737 
3942 1330 1331 1345 
3943 1953 1954 2025 
3944 1648 1649 1650 
3945 1933 1932 1995 
3946 2604 2568 2625 
3947 1582 1711 2599 
3948 1444 1445 1449 
3949 1928 1799 1929 
3950 1448 1427 2598 
3951 1531 1529 1532 
3952 255 254 1010 
3953 2790 1960 2793 
3954 2515 1308 2638 
3955 1142 1144 1145 
3956 1501 1499 1521 
3957 1481 1478 2605 
3958 1653 1577 1809 
3959 2390 1078 2393 
3960 1397 1519 1623 
3961 2416 2419 2614 
3962 1618 1620 1634 
3963 271 270 1017 
3964 1677 1517 1924 
3965 1812 1813 1915 
3966 261 260 1015 
3967 1863 2263 2264 
3968 1406 1408 1410 
3969 1400 1402 1413 
3970 1711 1982 2599 
3971 2456 1821 2645 
3972 1353 1344 1866 
3973 256 255 2192 
3974 2117 1884 2142 
3975 1809 1577 2612 
3976 1336 1337 1338 
3977 1658 1804 2595 
3978 1355 1357 1358 
3979 1330 1345 1347 
3980 245 244 1018 
3981 1816 1689 2602 
3982 1304 1305 1308 
3983 1615 1616 1656 
3984 259 258 2314 
3985 1807 1884 2117 
3986 1121 1120 1122 
3987 1615 1656 1812 
3988 2563 1602 2603 
3989 1259 1271 1272 
3990 1602 1604 2603 
3991 1394 1396 1397 
3992 1623 1678 1679 
3993 1672 1671 2597 
3994 2139 1843 2459 
3995 1778 1739 2271 
3996 1518 1481 2605 
3997 1384 1386 1546 
3998 1347 1345 1704 
3999 1915 1813 1973 
4000 1302 1303 1304 
4001 1139 1141 1142 
4002 1137 1138 1139 
4003 1901 1688 2616 
4004 1304 1308 1317 
4005 1388 1390 1466 
4006 1329 1318 1330 
4007 1397 1398 1519 
4008 253 252 2202 
4009 1953 1952 1954 
4010 1522 1477 2611 
4011 1811 1569 2615 
4012 2519 1560 2685 
4013 1423 1425 2608 
4014 1678 1822 1925 
4015 1302 1304 2618 
4016 252 251 1022 
4017 1133 1136 1137 
4018 973 2171 2172 
4019 1571 1572 2616 
4020 1610 1612 2607 
4021 1436 1460 2686 
4022 1572 1644 2616 
4023 1492 1484 2615 
4024 1338 1339 1342 
4025 302 301 999 
4026 1565 1662 2612 
4027 1317 1341 2618 
4028 2053 2054 2055 
4029 1517 1423 2608 
4030 1713 2019 2098 
4031 1514 1513 1528 
4032 1812 1656 1813 
4033 267 8 2207 
4034 1417 1419 2609 
4035 1300 1301 1302 
4036 1317 1318 1329 
4037 269 268 1050 
4038 2024 1704 2624 
4039 264 263 1035 
4040 1689 1900 2602 
4041 1885 2352 2596 
4042 1119 1118 1120 
4043 1368 1370 1371 
4044 1475 1491 2611 
4045 1218 1219 1220 
4046 8 266 1032 
4047 1623 1519 1678 
4048 1649 1647 2613 
4049 1484 1518 2615 
4050 1794 1672 2597 
4051 1378 1380 1381 
4052 1822 1519 2621 
4053 1342 1343 1354 
4054 1810 1742 2079 
4055 986 257 2182 
4056 7 248 1038 
4057 1919 1670 2315 
4058 1431 1443 2642 
4059 1800 1643 2595 
4060 1317 1308 1318 
4061 1998 1816 2602 
4062 265 264 2205 
4063 1364 1366 1367 
4064 1815 1817 2672 
4065 1650 1747 1749 
4066 1477 1475 2611 
4067 1487 1490 1494 
4068 1305 1307 2638 
4069 1951 1871 1952 
4070 1015 260 2197 
4071 1345 1348 2624 
4072 1875 1876 1898 
4073 1425 1448 2608 
4074 1246 1801 1802 
4075 1010 254 2196 
4076 2598 1429 2642 
4077 1745 1853 2082 
4078 1947 1827 2688 
4079 1520 1463 2632 
4080 1899 1876 2631 
4081 1463 1462 2632 
4082 1419 1422 2609 
4083 1255 1258 1259 
4084 247 246 1053 
4085 1398 1400 2621 
4086 1348 1858 2624 
4087 1896 1833 1897 
4088 1310 1312 1316 
4089 1638 1639 1960 
4090 1462 1468 2632 
4091 1569 1492 2615 
4092 1468 2601 2632 
4093 1825 2670 2688 
4094 249 7 2209 
4095 1372 1374 1375 
4096 1650 1649 1747 
4097 1666 1568 1834 
4098 1375 1376 1579 
4099 1308 1305 2638 
4100 1497 1438 2686 
4101 1604 1800 2603 
4102 1381 1382 1383 
4103 1688 1571 2616 
4104 250 249 1052 
4105 1977 1749 1983 
4106 2189 2186 2190 
4107 2200 2198 2201 
4108 1529 1528 2623 
4109 1612 1615 2607 
4110 1632 1610 2607 
4111 1508 1506 2590 
4112 1358 1359 1363 
4113 1383 1384 2641 
4114 2460 2988 3138 
4115 1870 1834 1871 
4116 986 2183 2184 
4117 1828 1827 1840 
4118 1111 1113 1159 
4119 1634 1635 1745 
4120 1550 1637 1638 
4121 1198 1695 1696 
4122 1951 1952 1953 
4123 1249 1247 1250 
4124 1700 1807 2626 
4125 1662 1880 2635 
4126 1422 1677 2609 
4127 1443 2401 2407 
4128 2588 2547 2639 
4129 1035 263 2206 
4130 2187 2189 2191 
4131 1616 1618 2619 
4132 1483 1850 1851 
4133 1327 1336 2646 
4134 1443 2407 2642 
4135 1519 1398 2621 
4136 1797 1799 1928 
4137 1466 2669 2695 
4138 1298 1300 1322 
4139 2134 2135 2136 
4140 1747 1950 2617 
4141 2206 2232 2782 
4142 2639 1937 2674 
4143 1130 1132 1133 
4144 1392 1394 2627 
4145 2015 2236 2237 
4146 1914 1913 2088 
4147 1458 1459 1464 
4148 1408 1411 2625 
4149 2184 2186 2187 
4150 1802 1803 2114 
4151 2031 2126 2127 
4152 1491 2683 2703 
4153 2183 2182 2185 
4154 1656 1616 2619 
4155 1411 2604 2625 
4156 1826 1825 1827 
4157 1552 1663 1669 
4158 1892 1958 1959 
4159 1015 2198 2199 
4160 1745 2082 2084 
4161 1660 1626 1661 
4162 1701 1631 1702 
4163 1562 1580 1627 
4164 1053 246 2212 
4165 1704 1345 2624 
4166 1032 266 2208 
4167 1739 1708 2628 
4168 1038 248 2242 
4169 1275 1274 1276 
4170 1858 1700 2626 
4171 305 304 993 
4172 300 299 992 
4173 1344 1329 2622 
4174 1732 1730 1733 
4175 1537 1536 2670 
4176 1870 1871 1951 
4177 1304 1317 2618 
4178 1429 1431 2642 
4179 1467 1455 2671 
4180 1187 1186 1188 
4181 2071 2073 2074 
4182 1400 1413 2621 
4183 1330 1347 2622 
4184 1329 1330 2622 
4185 2008 1779 2099 
4186 1253 1254 1255 
4187 1319 1323 1332 
4188 1876 1820 2641 
4189 2727 1925 2770 
4190 1410 1408 2625 
4191 2057 2056 2058 
4192 1193 1194 1199 
4193 1615 1812 2607 
4194 2032 2029 2676 
4195 1708 1794 2628 
4196 1632 2607 2662 
4197 1292 1294 1328 
4198 1968 2012 2013 
4199 1446 1415 2658 
4200 1624 1449 2600 
4201 1807 2117 2626 
4202 1511 1508 2590 
4203 1749 1747 2617 
4204 2568 2529 2654 
4205 1381 1383 1819 
4206 1159 1172 1173 
4207 1528 1568 1633 
4208 1384 1546 2641 
4209 1449 1450 2600 
4210 2082 2083 2226 
4211 1528 1513 1568 
4212 1655 1556 1825 
4213 1703 1702 1881 
4214 1983 1749 2617 
4215 1053 2214 2215 
4216 1185 1184 1186 
4217 2658 1939 2671 
4218 1113 1112 1114 
4219 1633 1666 1742 
4220 1819 1383 1820 
4221 1371 1372 2644 
4222 1618 1634 2619 
4223 1874 1820 1875 
4224 986 2182 2183 
4225 67 68 2675 
4226 1397 1623 2627 
4227 1286 1288 1340 
4228 1326 1327 2646 
4229 1355 1358 2650 
4230 1633 1568 1666 
4231 1307 1310 2640 
4232 1015 2197 2198 
4233 1520 2632 2672 
4234 1464 1465 1486 
4235 1819 1820 1874 
4236 1282 1284 1350 
4237 1666 1834 1870 
4238 12 305 2033 
4239 2187 2186 2189 
4240 1532 1529 2623 
4241 1394 1397 2627 
4242 1806 1936 2656 
4243 999 301 2028 
4244 1375 1579 1863 
4245 993 304 2234 
4246 1528 1633 2623 
4247 2237 2238 2239 
4248 1863 1579 1864 
4249 1542 1556 1557 
4250 2079 1742 2080 
4251 2271 1739 2628 
4252 1372 1375 2644 
4253 1579 1376 2636 
4254 1278 1280 1362 
4255 2263 1864 2265 
4256 2609 1939 2658 
4257 2132 2133 2134 
4258 2184 2183 2186 
4259 1760 1761 1762 
4260 2401 2400 2726 
4261 1376 1378 2636 
4262 1336 1338 1351 
4263 1713 1354 2018 
4264 1275 1779 1780 
4265 1850 1624 1852 
4266 299 11 2035 
4267 306 12 981 
4268 11 298 980 
4269 1159 1113 1172 
4270 1272 1274 1275 
4271 1240 1238 1242 
4272 1342 1354 1713 
4273 1417 2609 2658 
4274 2029 2031 2676 
4275 1354 1355 2650 
4276 2199 2198 2200 
4277 2607 1812 2662 
4278 1981 1897 2240 
4279 1863 1864 2263 
4280 2638 1307 2640 
4281 1801 1242 2704 
4282 1214 1212 1215 
4283 298 297 2256 
4284 1943 1944 2655 
4285 1121 1122 1123 
4286 1826 1828 2216 
4287 1127 1129 1130 
4288 1780 2008 2093 
4289 1483 1449 1624 
4290 999 2029 2032 
4291 1562 1559 1580 
4292 1358 1363 1882 
4293 1882 1363 2124 
4294 1125 1126 1127 
4295 1336 1351 2646 
4296 1195 1746 1908 
4297 1238 1236 2704 
4298 2632 2601 2672 
4299 1705 1264 1706 
4300 2627 1945 2669 
4301 1220 1221 1222 
4302 1795 1797 2643 
4303 1128 2772 2785 
4304 1814 2619 2664 
4305 1828 1840 1999 
4306 1863 2264 2644 
4307 1713 2098 2659 
4308 1850 1852 2280 
4309 2122 1838 2663 
4310 1415 1417 2658 
4311 1713 2018 2019 
4312 1826 1827 1828 
4313 1310 1316 2640 
4314 1725 1726 1727 
4315 68 1068 2675 
4316 1053 2212 2214 
4317 2099 1779 2652 
4318 1820 1383 2641 
4319 2073 2072 2075 
4320 1275 1276 1779 
4321 1882 2124 2296 
4322 1119 1120 1121 
4323 2558 1795 2643 
4324 2456 2645 2746 
4325 1535 1538 2667 
4326 1698 1949 2148 
4327 1629 1627 2633 
4328 1122 1120 1124 
4329 1378 1381 2636 
4330 1698 1580 1829 
4331 297 296 1011 
4332 308 307 1012 
4333 1655 1825 1826 
4334 1542 1540 1556 
4335 2126 2125 2128 
4336 1483 1624 1850 
4337 1685 1684 1686 
4338 2031 2030 2125 
4339 1114 1112 1115 
4340 1302 2618 2647 
4341 1466 1390 2669 
4342 1250 1247 2684 
4343 2669 1945 2695 
4344 1444 1449 1483 
4345 1710 1867 1868 
4346 1937 1717 2702 
4347 1300 1302 2647 
4348 2093 2008 2279 
4349 1390 1392 2669 
4350 1119 1121 1135 
4351 302 999 2673 
4352 1823 1831 2703 
4353 1780 1779 2008 
4354 1491 1473 2683 
4355 1638 1637 1639 
4356 1160 1145 1163 
4357 1564 1626 1660 
4358 2031 2125 2126 
4359 1520 2594 2683 
4360 1536 1533 2706 
4361 1812 1915 2662 
4362 2130 2131 2132 
4363 1358 1882 2650 
4364 2325 1842 2798 
4365 1494 1495 1563 
4366 1993 1964 1994 
4367 1126 1124 1182 
4368 1392 2627 2669 
4369 1122 1124 1125 
4370 1284 1286 2649 
4371 1557 1556 1655 
4372 1253 1255 1260 
4373 1548 2269 2779 
4374 1375 1863 2644 
4375 1471 1520 2683 
4376 1280 1282 2648 
4377 1777 1773 2718 
4378 2029 2028 2030 
4379 1236 1245 2704 
4380 2593 2712 2724 
4381 1322 1300 2647 
4382 1117 1119 2660 
4383 1909 1777 1913 
4384 1232 1234 1235 
4385 1276 1278 2652 
4386 2029 2030 2031 
4387 1455 1446 2671 
4388 1259 1272 2653 
4389 2615 1518 2674 
4390 1627 1580 1698 
4391 1117 1116 1118 
4392 1117 1118 1119 
4393 1811 2615 2674 
4394 999 2028 2029 
4395 1579 2636 2691 
4396 295 294 1055 
4397 310 309 1054 
4398 1249 1250 1251 
4399 1550 1636 1637 
4400 1450 1458 2600 
4401 1698 1829 1949 
4402 1797 1928 2643 
4403 1057 2334 2335 
4404 1381 1819 2636 
4405 2015 2013 2236 
4406 2688 1536 2706 
4407 1147 1109 1148 
4408 2018 1354 2650 
4409 1637 1636 1860 
4410 1745 2084 2664 
4411 1012 307 2036 
4412 2592 1938 2701 
4413 2601 1815 2672 
4414 1550 1549 1636 
4415 2722 2492 2730 
4416 1742 1666 2651 
4417 1914 2088 2089 
4418 1939 1938 2680 
4419 1927 1926 2720 
4420 1173 1174 1175 
4421 1483 1851 2679 
4422 1666 1870 2651 
4423 2683 2594 2703 
4424 1834 1568 2661 
4425 1488 1486 1549 
4426 1164 1163 1169 
4427 1114 1116 1117 
4428 1487 1494 2682 
4429 1488 1549 1550 
4430 1114 1115 1116 
4431 1316 1312 2681 
4432 1518 2639 2674 
4433 1190 1265 1266 
4434 2053 2050 2054 
4435 1513 1511 2661 
4436 1802 2114 2115 
4437 1779 1276 2652 
4438 1540 1537 2670 
4439 2080 1742 2651 
4440 1938 1924 2701 
4441 2674 1937 2702 
4442 1137 1136 1138 
4443 1231 1230 1232 
4444 1139 1138 1141 
4445 1237 1239 1241 
4446 1142 1141 1144 
4447 1119 1135 2660 
4448 1176 1174 1846 
4449 1464 1486 1488 
4450 1133 1132 1136 
4451 1551 1509 2741 
4452 1559 1557 2657 
4453 1968 1868 2012 
4454 1350 1284 2649 
4455 1896 1897 1981 
4456 1171 1169 1197 
4457 1286 1340 2649 
4458 1338 1342 2659 
4459 1282 1350 2648 
4460 2349 2613 2685 
4461 290 289 1060 
4462 1234 1237 2713 
4463 1067 2289 2290 
4464 1269 1709 1710 
4465 2040 3012 3037 
4466 1188 1189 1190 
4467 1511 2590 2661 
4468 1634 1745 2664 
4469 1362 1280 2648 
4470 2619 1634 2664 
4471 288 287 1058 
4472 1278 1362 2652 
4473 1252 1251 1253 
4474 2047 2046 2048 
4475 1825 1556 2670 
4476 1897 1833 2678 
4477 1101 1103 1195 
4478 1312 1314 2681 
4479 999 2032 2673 
4480 1012 2036 2037 
4481 2031 2127 2676 
4482 1766 1765 1767 
4483 2075 2076 2123 
4484 1698 2148 2633 
4485 1275 1780 2653 
4486 1563 1564 2678 
4487 1568 1513 2661 
4488 1892 1696 1958 
4489 1272 1275 2653 
4490 1770 1861 2630 
4491 2065 2066 2067 
4492 1351 1338 2659 
4493 978 2330 2871 
4494 1557 1655 2657 
4495 1249 1251 1252 
4496 311 310 2217 
4497 1342 1713 2659 
4498 1111 1112 1113 
4499 1031 2281 3134 
4500 2653 2094 2694 
4501 1124 1120 2620 
4502 1467 2671 2680 
4503 1243 1242 1246 
4504 1011 296 2038 
4505 1829 1580 2657 
4506 1841 1833 1896 
4507 1841 1896 1992 
4508 1127 1126 1129 
4509 1125 1124 1126 
4510 1130 1129 1132 
4511 1631 1629 2687 
4512 1473 1471 2683 
4513 1406 1410 2711 
4514 2636 1819 2691 
4515 1627 1698 2633 
4516 1054 309 2042 
4517 1580 1559 2657 
4518 1265 1189 1270 
4519 1173 1172 1174 
4520 1438 1436 2686 
4521 1598 2548 2722 
4522 2357 1267 2448 
4523 2237 2236 2238 
4524 1132 1129 1134 
4525 1486 1487 2682 
4526 1868 1867 2634 
4527 2049 2056 2057 
4528 1864 1579 2691 
4529 1811 2674 2702 
4530 1248 1247 1249 
4531 1510 1526 2741 
4532 1948 2600 2690 
4533 2698 1929 2699 
4534 1727 1728 1729 
4535 1162 1183 1184 
4536 2593 2611 2712 
4537 1720 1719 1721 
4538 1996 1270 1997 
4539 1832 1833 1841 
4540 1319 1332 2697 
4541 287 286 2119 
4542 2671 1939 2680 
4543 1224 1225 1226 
4544 1149 1148 1150 
4545 1832 1563 1833 
4546 1413 1402 2715 
4547 1702 1631 2687 
4548 286 285 1091 
4549 1111 1110 1112 
4550 1601 1598 2722 
4551 1243 1246 1247 
4552 1255 1259 2694 
4553 1881 1702 2016 
4554 1198 1197 1695 
4555 2546 1441 2679 
4556 1112 1110 2666 
4557 1175 1174 1176 
4558 312 311 1065 
4559 293 292 1066 
4560 1947 2688 2706 
4561 10 291 1092 
4562 1661 1684 1685 
4563 1576 1578 2727 
4564 1556 1540 2670 
4565 1686 1964 1993 
4566 1849 1257 1946 
4567 1269 1266 1709 
4568 2051 2048 2052 
4569 1837 1183 1838 
4570 2358 2775 2778 
4571 1494 1563 1832 
4572 1441 1444 2679 
4573 2129 2089 2130 
4574 2712 1831 2724 
4575 1243 1247 1248 
4576 1116 1115 1128 
4577 1154 1161 1162 
4578 2047 2048 2050 
4579 1827 1825 2688 
4580 1533 1532 2706 
4581 1141 1138 1143 
4582 1494 1832 2682 
4583 2775 1912 2778 
4584 1163 1145 2692 
4585 291 290 2140 
4586 2613 2519 2685 
4587 1945 2285 2695 
4588 1145 1144 2692 
4589 1113 1114 2665 
4590 1534 2667 2698 
4591 1260 1255 2694 
4592 2524 2522 2752 
4593 1564 1660 2678 
4594 2060 2052 2062 
4595 1729 1730 1732 
4596 1259 2653 2694 
4597 1444 1483 2679 
4598 2051 2060 2081 
4599 2022 1838 2121 
4600 1750 2248 2249 
4601 1216 1215 1217 
4602 2012 1868 2634 
4603 1188 1186 1189 
4604 1314 1319 2697 
4605 1629 2633 2687 
4606 1819 1874 2691 
4607 2055 2054 2229 
4608 2065 2067 2068 
4609 1190 1189 1265 
4610 1151 1150 1152 
4611 2290 2291 2292 
4612 1182 1124 2620 
4613 292 10 2070 
4614 1240 1242 1243 
4615 2657 1655 2710 
4616 1151 1153 1154 
4617 1239 1238 1240 
4618 2681 1314 2697 
4619 1169 1163 1170 
4620 1710 1709 1867 
4621 2650 1882 2700 
4622 1060 289 2043 
4623 1115 1112 2666 
4624 1867 1709 2113 
4625 1202 1204 1261 
4626 1055 294 2041 
4627 1924 2606 2701 
4628 1871 1834 2719 
4629 1826 2216 2710 
4630 2018 2650 2700 
4631 1199 1200 1201 
4632 1108 1110 1111 
4633 1835 1811 2702 
4634 1153 1152 1155 
4635 1265 1270 1996 
4636 1011 2038 2039 
4637 1184 1183 1837 
4638 1117 2660 2665 
4639 2594 1823 2703 
4640 1247 1246 2684 
4641 1114 1117 2665 
4642 1837 1838 2022 
4643 1768 1767 1770 
4644 1162 1161 1183 
4645 1959 1958 2091 
4646 2378 3121 3149 
4647 1549 1486 2682 
4648 1106 1105 2677 
4649 2060 2062 2141 
4650 1833 1563 2678 
4651 2050 2048 2051 
4652 1126 1182 2689 
4653 1871 2719 2731 
4654 1246 1802 2684 
4655 1147 1149 1836 
4656 1147 1148 1149 
4657 1882 2296 2700 
4658 1172 1113 2665 
4659 1178 1175 2708 
4660 1762 1763 1764 
4661 2229 2054 2230 
4662 2703 1831 2712 
4663 2318 2320 2323 
4664 1218 1217 1219 
4665 1404 1406 2711 
4666 1829 2657 2710 
4667 1921 2553 2766 
4668 1993 1994 2118 
4669 2408 1921 2766 
4670 1458 1464 2690 
4671 1224 1222 1225 
4672 1695 1197 1969 
4673 2059 2061 2347 
4674 1091 285 2063 
4675 2016 1702 2687 
4676 1239 1240 1244 
4677 2067 2066 2069 
4678 1802 2115 2684 
4679 2051 2052 2060 
4680 1464 1488 2690 
4681 1773 1771 1893 
4682 1236 1233 1245 
4683 1914 2089 2129 
4684 2611 1491 2712 
4685 1371 2644 2707 
4686 2600 1458 2690 
4687 1695 1969 1970 
4688 1180 1178 1196 
4689 1170 1163 2692 
4690 1402 1404 2715 
4691 1110 1109 1147 
4692 1834 2661 2719 
4693 1154 1153 1161 
4694 2661 2590 2719 
4695 1079 2226 3027 
4696 2205 2922 2981 
4697 1242 1238 2704 
4698 1772 1776 1854 
4699 1186 1184 2696 
4700 1151 1152 1153 
4701 1404 2711 2715 
4702 2590 1527 2719 
4703 1149 1150 1151 
4704 14 316 983 
4705 1909 1913 1914 
4706 1754 1753 1755 
4707 1148 1109 2677 
4708 1678 1925 2734 
4709 2049 2057 2059 
4710 2404 2595 2733 
4711 1655 1826 2710 
4712 2417 1927 2720 
4713 2595 1804 2733 
4714 2409 1515 2750 
4715 1134 1129 2689 
4716 1237 1238 1239 
4717 1110 1147 2666 
4718 1613 2456 2766 
4719 1196 1178 2708 
4720 2059 2057 2061 
4721 2644 2264 2707 
4722 1237 1236 1238 
4723 2257 2069 2258 
4724 315 314 1016 
4725 2623 1810 2729 
4726 1108 1109 1110 
4727 1550 1638 2737 
4728 1104 1106 1107 
4729 1129 1126 2689 
4730 1108 1106 1109 
4731 1671 1601 2722 
4732 1764 1765 1766 
4733 2113 1709 2705 
4734 1266 1265 2705 
4735 1810 2079 2749 
4736 2679 1851 2726 
4737 322 321 995 
4738 1237 1241 2713 
4739 1184 1837 2696 
4740 1175 1176 2708 
4741 318 317 1009 
4742 1270 1189 2696 
4743 2720 1926 2761 
4744 1515 1552 2750 
4745 1109 1106 2677 
4746 1636 1549 2725 
4747 1709 1266 2705 
4748 1240 1243 2693 
4749 1147 1836 2666 
4750 320 319 1040 
4751 1831 1869 2724 
4752 1448 2598 2746 
4753 1232 1233 1234 
4754 1491 2703 2712 
4755 2719 1527 2731 
4756 319 318 2004 
4757 324 323 1031 
4758 1913 1777 2718 
4759 1155 1157 1192 
4760 2051 2081 2721 
4761 1712 2593 2724 
4762 1952 2731 2742 
4763 1226 1227 1228 
4764 1244 1240 2693 
4765 2749 2079 2755 
4766 1638 1960 2760 
4767 1189 1186 2696 
4768 1261 1262 1263 
4769 1908 1746 2252 
4770 2090 2995 3007 
4771 2067 2069 2257 
4772 1848 1849 1912 
4773 2645 1448 2746 
4774 2546 2679 2726 
4775 2706 1532 2729 
4776 1215 1212 2736 
4777 1926 1673 2770 
4778 1952 1871 2731 
4779 1846 1174 2728 
4780 2400 2546 2726 
4781 1245 1233 2738 
4782 1107 1106 1108 
4783 2250 1865 2260 
4784 1195 1103 1746 
4785 1849 1946 2096 
4786 327 326 1014 
4787 1673 1576 2727 
4788 2010 1360 2100 
4789 1091 2063 2150 
4790 1220 1219 1221 
4791 1948 2690 2737 
4792 1232 1230 1233 
4793 1234 1236 1237 
4794 2050 2051 2721 
4795 2690 1488 2737 
4796 2682 1832 2725 
4797 1671 2722 2730 
4798 1228 1229 1230 
4799 1724 1723 1725 
4800 1771 1770 2630 
4801 1549 2682 2725 
4802 1847 1777 1909 
4803 2054 2050 2721 
4804 1234 1233 1236 
4805 1265 1996 2705 
4806 1222 1221 2717 
4807 1893 1771 2630 
4808 2663 1161 2716 
4809 1197 1169 2709 
4810 1243 1248 2693 
4811 1527 2562 2731 
4812 1226 1225 1227 
4813 1768 1770 1771 
4814 1169 1170 2709 
4815 13 328 1042 
4816 2729 1810 2749 
4817 1947 2706 2729 
4818 1620 1619 2773 
4819 1172 2665 2728 
4820 1766 1767 1768 
4821 1153 1155 2716 
4822 1263 1264 1705 
4823 2731 2562 2742 
4824 1166 1193 1208 
4825 2597 1671 2730 
4826 2206 2782 2896 
4827 2621 1413 2761 
4828 983 1098 1099 
4829 1997 1270 2743 
4830 1832 1841 2725 
4831 1636 2725 2747 
4832 1855 2354 2785 
4833 313 13 1976 
4834 325 16 1056 
4835 1969 1197 2709 
4836 1532 2623 2729 
4837 1848 1257 1849 
4838 2106 1756 2107 
4839 2116 1803 2778 
4840 1847 1909 2095 
4841 1151 1154 2723 
4842 1732 1733 1736 
4843 2230 2054 2721 
4844 2761 1926 2770 
4845 2737 1638 2760 
4846 1228 1227 1229 
4847 1755 1758 2714 
4848 1706 1719 1720 
4849 1860 1636 2747 
4850 2952 1881 3074 
4851 1161 1153 2716 
4852 1735 1753 1754 
4853 2665 2660 2728 
4854 1946 1257 2753 
4855 1174 1172 2728 
4856 1804 2273 2733 
4857 983 316 1097 
4858 102 1089 2792 
4859 1776 1773 1777 
4860 1772 1854 2765 
4861 1104 1102 1105 
4862 1679 1678 2734 
4863 1776 1777 1847 
4864 2696 1837 2743 
4865 1229 1227 1257 
4866 328 327 1907 
4867 1836 1149 2723 
4868 1954 1952 2742 
4869 1009 317 2021 
4870 1509 1510 2741 
4871 1732 1736 1750 
4872 1750 1865 2248 
4873 1727 1729 1731 
4874 1768 1771 1772 
4875 1104 1105 1106 
4876 1721 1723 1724 
4877 995 321 1904 
4878 1061 101 2792 
4879 1225 1222 2717 
4880 1128 2356 2791 
4881 1850 2280 2769 
4882 1296 1298 2776 
4883 1155 1192 2716 
4884 1546 1386 2774 
4885 2565 1961 2912 
4886 2562 1548 2742 
4887 1388 1466 2774 
4888 2725 1841 2747 
4889 2219 2220 2221 
4890 1947 2729 2749 
4891 2522 1005 2752 
4892 1202 1261 2756 
4893 1679 2734 2751 
4894 1212 1211 2736 
4895 1488 1550 2737 
4896 1413 2720 2761 
4897 1270 2696 2743 
4898 1016 1903 2219 
4899 2173 2174 3151 
4900 1149 1151 2723 
4901 1724 1830 1873 
4902 1840 1947 2749 
4903 2398 1714 2799 
4904 1772 1771 1773 
4905 1546 2774 2800 
4906 1031 323 2023 
4907 1221 1962 2717 
4908 2285 1679 2751 
4909 1720 1721 2732 
4910 2772 2471 2785 
4911 2494 2699 2796 
4912 1016 314 1902 
4913 1552 1669 2750 
4914 1221 1360 1962 
4915 268 267 2754 
4916 1911 2849 3105 
4917 1960 1639 2794 
4918 983 1097 1098 
4919 1772 1773 1776 
4920 1098 1097 1165 
4921 167 168 2784 
4922 1792 1215 2736 
4923 1750 2249 2739 
4924 1986 1201 1987 
4925 1229 1257 1848 
4926 1217 1215 1792 
4927 1846 2728 2764 
4928 1099 1098 1100 
4929 1840 2749 2755 
4930 1841 1992 2747 
4931 1724 1725 1830 
4932 1837 2022 2743 
4933 2024 2624 2780 
4934 1221 1219 1360 
4935 2812 1007 3101 
4936 1750 1736 1865 
4937 1099 1100 1101 
4938 2248 1865 2250 
4939 2144 2037 3060 
4940 1199 1201 1986 
4941 1721 1724 2732 
4942 1760 1762 1775 
4943 98 99 2786 
4944 1849 2096 2763 
4945 1948 2737 2760 
4946 1754 1756 1985 
4947 1754 1755 1756 
4948 1999 1840 2755 
4949 1103 1102 1104 
4950 1852 1948 2760 
4951 2620 2791 2807 
4952 1014 326 1906 
4953 1233 1230 2738 
4954 1128 1115 2772 
4955 1764 1766 1769 
4956 1962 1360 2010 
4957 1101 1102 1103 
4958 1822 2621 2761 
4959 1201 1202 2756 
4960 2352 2351 2805 
4961 1101 1100 1102 
4962 2728 2660 2764 
4963 1230 1229 2738 
4964 1104 1107 2735 
4965 2401 2726 2767 
4966 2108 2560 2962 
4967 1261 1263 2009 
4968 2396 1530 2796 
4969 1912 1849 2763 
4970 2553 1613 2766 
4971 1853 1635 2793 
4972 1836 2471 2772 
4973 1985 1756 2106 
4974 1920 2401 2767 
4975 1903 1902 2077 
4976 2107 1756 2714 
4977 2078 2868 3107 
4978 1245 2738 2775 
4979 2219 1903 2220 
4980 1822 2761 2770 
4981 1192 1157 2744 
4982 2620 1118 2791 
4983 2034 2587 2998 
4984 1729 1732 2739 
4985 1016 1902 1903 
4986 1756 1755 2714 
4987 1261 2009 2756 
4988 2660 1135 2764 
4989 2280 1852 2790 
4990 1157 1166 2744 
4991 1229 1848 2738 
4992 2358 1245 2775 
4993 995 1904 1975 
4994 3006 1244 3028 
4995 1746 1103 2735 
4996 2100 1360 2758 
4997 1725 1727 2748 
4998 2046 2049 2783 
4999 1724 1873 2732 
5000 1733 1735 2740 
5001 1732 1750 2739 
5002 1193 1199 2757 
5003 1167 1158 2777 
5004 1736 1733 2740 
5005 2345 1090 2771 
5006 1116 1128 2791 
5007 1166 1208 2744 
5008 1103 1104 2735 
5009 1208 1193 2757 
5010 1851 1850 2769 
5011 1297 1333 2803 
5012 1830 1725 2748 
5013 1321 1299 2803 
5014 1031 2023 2085 
5015 1870 1951 2797 
5016 2048 2046 2783 
5017 1925 1822 2770 
5018 1731 1729 2739 
5019 2767 1851 2769 
5020 1619 1680 2773 
5021 2666 1836 2772 
5022 1014 1906 2000 
5023 1727 1731 2748 
5024 1386 1388 2774 
5025 1227 1225 2753 
5026 1758 1760 2759 
5027 1872 1857 2806 
5028 1290 1292 2801 
5029 1736 2740 2789 
5030 1219 1217 2758 
5031 1082 2521 2804 
5032 1735 1754 2740 
5033 1115 2666 2772 
5034 1803 2358 2778 
5035 1298 1322 2776 
5036 1987 1201 2756 
5037 1762 1764 2762 
5038 2726 1851 2767 
5039 1199 1986 2757 
5040 1257 1227 2753 
5041 2787 2249 2788 
5042 2774 2283 2800 
5043 2677 1105 2808 
5044 2784 168 2825 
5045 2208 2205 2981 
5046 2738 1848 2775 
5047 1225 2717 2753 
5048 1321 2803 3154 
5049 2283 1941 2800 
5050 2383 2385 2881 
5051 1967 1968 2809 
5052 2800 1941 2802 
5053 1203 2274 2873 
5054 2025 1954 2781 
5055 2624 1858 2780 
5056 1954 2779 2781 
5057 2260 1865 2789 
5058 1754 1985 2740 
5059 1766 1768 2765 
5060 1768 1772 2765 
5061 2714 1758 2759 
5062 1848 1912 2775 
5063 2052 2048 2783 
5064 1217 1792 2758 
5065 1360 1219 2758 
5066 132 133 2810 
5067 238 237 2935 
5068 1760 1775 2759 
5069 1064 167 2784 
5070 1954 2742 2779 
5071 1956 1889 2816 
5072 1775 1762 2762 
5073 2742 1548 2779 
5074 2320 2319 2787 
5075 1722 1719 2823 
5076 2740 1985 2789 
5077 1764 1769 2762 
5078 2896 2017 2922 
5079 1769 1766 2765 
5080 2471 1855 2785 
5081 2993 2300 3128 
5082 2238 998 3114 
5083 1941 1942 2802 
5084 278 1027 2966 
5085 1263 1705 2768 
5086 2049 2059 2783 
5087 2226 1079 3108 
5088 1034 98 2786 
5089 2441 2440 2836 
5090 2793 1960 2794 
5091 1975 2914 3147 
5092 2009 1263 2768 
5093 2735 2325 2798 
5094 2648 1350 2852 
5095 2554 2847 2967 
5096 1118 1116 2791 
5097 2509 2513 2819 
5098 2000 2888 3115 
5099 2791 2356 2807 
5100 2343 109 2898 
5101 1088 2345 2828 
5102 2760 1960 2790 
5103 101 102 2792 
5104 1635 1675 2793 
5105 1746 2735 2798 
5106 1946 2753 2795 
5107 2803 2191 3154 
5108 2344 1088 2859 
5109 1244 2693 3028 
5110 2305 2304 2835 
5111 1853 2793 2794 
5112 2109 2784 2825 
5113 1866 1344 2824 
5114 2356 2355 2807 
5115 169 987 2825 
5116 2622 1839 2824 
5117 3028 2693 3049 
5118 1530 2494 2796 
5119 2697 1332 2805 
5120 1956 2816 2934 
5121 1659 1657 2826 
5122 1865 1736 2789 
5123 2311 1986 2950 
5124 1980 2398 2799 
5125 1232 1235 2821 
5126 1982 1961 2999 
5127 2631 1546 2800 
5128 2651 1870 2797 
5129 2631 2800 2802 
5130 1852 2760 2790 
5131 2753 2717 2795 
5132 2052 2783 2811 
5133 1165 1097 3042 
5134 275 991 2996 
5135 2357 1872 2818 
5136 2521 970 2834 
5137 2252 1746 2798 
5138 2807 2355 2814 
5139 2117 2142 2897 
5140 1292 1328 2801 
5141 1981 2240 2810 
5142 2717 1962 2795 
5143 1653 1809 2829 
5144 1299 1297 2803 
5145 2355 2357 2814 
5146 1899 2631 2802 
5147 2783 2059 2811 
5148 2810 133 2878 
5149 1048 56 2850 
5150 2463 2200 2906 
5151 2278 1752 2820 
5152 2571 2138 2911 
5153 1132 1134 2827 
5154 1006 221 2983 
5155 1781 2677 2808 
5156 1044 2347 2898 
5157 2561 1082 2804 
5158 2550 1967 2837 
5159 2042 2092 3044 
5160 2497 2498 2839 
5161 991 2763 2996 
5162 196 197 2838 
5163 1857 2551 2806 
5164 2633 2148 2831 
5165 2473 996 2842 
5166 1143 1138 2832 
5167 2351 2697 2805 
5168 2060 2141 2833 
5169 1968 2014 2809 
5170 228 974 3007 
5171 1325 2397 2869 
5172 2062 2052 2811 
5173 1961 2565 2999 
5174 1033 132 2810 
5175 2016 2687 2831 
5176 2121 2312 3045 
5177 2462 1373 2854 
5178 1933 1995 2844 
5179 1182 2620 2807 
5180 1845 2294 2840 
5181 1942 1935 2844 
5182 2427 2425 2852 
5183 2014 2015 2845 
5184 1214 1845 2868 
5185 2237 2239 2857 
5186 1182 2807 2814 
5187 2015 2237 2853 
5188 2995 229 3007 
5189 242 1007 2812 
5190 64 65 2846 
5191 115 116 2847 
5192 2580 2579 2848 
5193 2693 1248 3049 
5194 162 163 2848 
5195 17 18 2849 
5196 2516 1004 2851 
5197 274 273 2813 
5198 2814 2357 2818 
5199 1141 1143 2843 
5200 2434 2435 3168 
5201 2059 2347 2811 
5202 1060 2241 2969 
5203 2475 46 2858 
5204 218 217 2815 
5205 2435 1021 3168 
5206 1071 2297 2993 
5207 1889 2090 2816 
5208 47 1001 2858 
5209 2689 1182 2814 
5210 2299 2300 3172 
5211 2827 2551 2832 
5212 2300 2297 3172 
5213 3126 2277 3158 
5214 1143 2832 2837 
5215 2005 2870 2982 
5216 2745 2307 3136 
5217 2853 2237 2857 
5218 2776 1322 2836 
5219 2843 2014 2845 
5220 2845 2015 2853 
5221 1734 2276 2888 
5222 5 284 3131 
5223 2816 974 2934 
5224 2005 1964 2870 
5225 1973 2555 2879 
5226 1198 1891 2874 
5227 2332 2331 2899 
5228 2513 977 2819 
5229 1134 2806 2827 
5230 2966 1027 2994 
5231 1981 2810 2878 
5232 16 324 2822 
5233 1697 1171 2874 
5234 2380 1958 3144 
5235 2462 2854 3020 
5236 2247 1743 2923 
5237 2323 2320 2968 
5238 2689 2814 2818 
5239 2382 2383 3066 
5240 2857 2239 2861 
5241 2303 1020 2877 
5242 1134 2689 2818 
5243 2996 2096 3022 
5244 2905 2707 2928 
5245 2136 2478 2944 
5246 2616 1644 2872 
5247 1719 1718 2823 
5248 2053 2241 2883 
5249 2988 2172 3138 
5250 2251 2156 2882 
5251 1344 2622 2824 
5252 1011 2039 2884 
5253 134 997 2878 
5254 1231 1232 2821 
5255 2420 1321 2880 
5256 1054 2042 3044 
5257 320 1040 3062 
5258 2587 2034 3112 
5259 2111 2541 2929 
5260 1084 2344 2891 
5261 168 169 2825 
5262 2555 144 2879 
5263 974 2816 3007 
5264 145 979 2879 
5265 2707 2264 2863 
5266 1888 1659 2826 
5267 2113 2705 2862 
5268 2806 2551 2827 
5269 2344 2859 2891 
5270 2387 1054 3044 
5271 2257 2258 3057 
5272 1143 2809 2843 
5273 1982 2999 3086 
5274 1861 1979 2875 
5275 2044 2047 2883 
5276 2534 994 2889 
5277 2809 2014 2843 
5278 2272 2110 3014 
5279 195 196 2886 
5280 2160 2952 3074 
5281 2299 1367 2905 
5282 2826 1657 2955 
5283 120 1087 2893 
5284 1045 119 2893 
5285 2907 2040 3037 
5286 1036 2311 2950 
5287 2554 2967 3150 
5288 1052 2830 3018 
5289 2304 1069 2835 
5290 1136 1132 2827 
5291 2265 2532 2984 
5292 1692 1653 2829 
5293 1744 1980 2830 
5294 2648 2852 2921 
5295 2284 2011 3109 
5296 1332 1323 2892 
5297 2808 2224 3023 
5298 109 110 2898 
5299 2220 1903 2873 
5300 1898 1899 2842 
5301 206 990 2897 
5302 1037 2336 2960 
5303 2395 2017 2896 
5304 2743 2022 2871 
5305 97 1034 2901 
5306 2512 1632 3113 
5307 1136 2827 2832 
5308 970 2488 2834 
5309 1970 2380 3144 
5310 2307 2744 2956 
5311 2687 2633 2831 
5312 1715 2577 3004 
5313 2153 2231 2882 
5314 2543 2534 2900 
5315 1138 1136 2832 
5316 2081 2060 2833 
5317 237 236 2951 
5318 2259 2069 2903 
5319 2765 1854 2860 
5320 1322 2655 2836 
5321 1333 1295 2906 
5322 1293 2463 2906 
5323 1088 2828 2859 
5324 1367 1368 2905 
5325 2551 2550 2837 
5326 2307 2305 3136 
5327 197 1039 2838 
5328 2345 2771 2828 
5329 1371 2707 2905 
5330 1874 2533 2973 
5331 2498 2505 2839 
5332 2817 2172 2988 
5333 2394 998 2920 
5334 1887 2024 2911 
5335 1961 1712 2912 
5336 1869 2111 2929 
5337 227 226 2841 
5338 2820 1752 2888 
5339 996 2531 2842 
5340 2447 2103 2919 
5341 1809 2635 3017 
5342 2832 2551 2837 
5343 2026 2027 3030 
5344 1144 1141 2843 
5345 1084 2891 2913 
5346 1006 2755 3083 
5347 1935 1933 2844 
5348 2336 2335 2961 
5349 2340 2341 2931 
5350 1085 2257 3057 
5351 58 1041 2936 
5352 1987 2756 2876 
5353 1090 127 2927 
5354 2442 1005 3079 
5355 2284 1722 3021 
5356 1164 1697 2925 
5357 128 1062 2927 
5358 3057 2258 3140 
5359 2116 2778 2930 
5360 2013 2012 2920 
5361 2181 2179 3048 
5362 1168 1160 2925 
5363 1743 1254 2923 
5364 1979 2821 2875 
5365 1144 2843 2845 
5366 2866 2173 3151 
5367 1093 64 2846 
5368 2139 2367 3001 
5369 2281 2085 3116 
5370 116 1095 2847 
5371 2579 162 2848 
5372 18 1094 2849 
5373 1250 2684 2918 
5374 2171 2173 2866 
5375 1251 1250 2923 
5376 2346 1084 2913 
5377 2541 1083 2929 
5378 2692 1144 2845 
5379 2724 1869 2912 
5380 2450 2449 2933 
5381 2093 2279 3002 
5382 1004 2556 2851 
5383 2425 2423 2852 
5384 1035 2896 2922 
5385 2821 1235 2875 
5386 2309 2306 2956 
5387 1993 2382 3066 
5388 56 57 2850 
5389 2478 1070 2944 
5390 2260 1041 3153 
5391 2137 2138 3105 
5392 984 2476 2942 
5393 2250 2260 3153 
5394 1799 1966 2941 
5395 2268 1765 3116 
5396 2174 2826 2955 
5397 1373 2538 2854 
5398 2692 2845 2853 
5399 1992 1896 2932 
5400 1027 277 3022 
5401 217 216 2856 
5402 2797 1951 2963 
5403 1170 2692 2853 
5404 2758 1792 2885 
5405 1191 2282 3023 
5406 2854 2213 3020 
5407 2256 2002 3011 
5408 1642 1687 2955 
5409 2364 2363 2977 
5410 1061 2792 3039 
5411 2279 38 3002 
5412 2435 2442 3079 
5413 2058 2056 2864 
5414 2652 1362 2938 
5415 1170 2853 2857 
5416 2134 2136 2944 
5417 2870 2041 2982 
5418 276 2996 3022 
5419 1717 2108 2962 
5420 2313 2021 3041 
5421 2748 1731 2980 
5422 46 47 2858 
5423 1056 3126 3158 
5424 2504 2537 2902 
5425 2321 2748 2980 
5426 2709 1170 2857 
5427 1866 2824 2900 
5428 2385 2386 2881 
5429 1914 2129 2948 
5430 2757 2311 3130 
5431 3121 2181 3149 
5432 2083 2794 2990 
5433 2808 1105 3127 
5434 1979 2914 2971 
5435 2074 2073 2859 
5436 2038 2040 3162 
5437 1913 2718 2965 
5438 2095 1909 2948 
5439 2819 977 2908 
5440 2634 1867 2964 
5441 2205 1035 2922 
5442 1013 2533 2978 
5443 2296 1071 3003 
5444 2453 1029 2863 
5445 979 2514 2940 
5446 1353 1866 2972 
5447 2144 1977 2970 
5448 2265 1864 2973 
5449 1932 1693 2975 
5450 1213 1214 2868 
5451 2694 2094 2953 
5452 2188 2187 2976 
5453 1835 2702 2962 
5454 2190 2302 2869 
5455 2887 279 2966 
5456 2460 2457 2988 
5457 2532 186 2984 
5458 187 1073 2984 
5459 2020 1886 2867 
5460 1204 1203 3031 
5461 1969 2709 2861 
5462 2359 2195 2924 
5463 2792 2091 3039 
5464 192 1071 2993 
5465 2709 2857 2861 
5466 2243 2215 3024 
5467 2828 2074 2859 
5468 1066 2101 3055 
5469 2705 1996 2862 
5470 988 2797 2963 
5471 2587 1751 2998 
5472 2303 2095 3058 
5473 1165 2222 2959 
5474 2617 1950 2989 
5475 1369 2243 3024 
5476 968 2413 2951 
5477 2565 2564 2999 
5478 2353 1989 3000 
5479 38 39 3002 
5480 1071 193 3003 
5481 2884 2039 2977 
5482 194 1030 3003 
5483 2102 1271 3009 
5484 2089 2088 3006 
5485 1258 1743 3009 
5486 1917 1664 3014 
5487 2691 1874 2973 
5488 2576 2580 3004 
5489 2744 1208 2956 
5490 2208 2981 3063 
5491 1964 1963 2870 
5492 2885 1792 3148 
5493 1879 2446 3019 
5494 1087 2346 2958 
5495 1769 2765 2860 
5496 2897 2142 3104 
5497 2201 3085 3165 
5498 1905 15 3062 
5499 1997 2743 2871 
5500 2787 2319 2980 
5501 1901 2616 2872 
5502 1526 2396 2949 
5503 2225 2808 3127 
5504 2097 2461 3020 
5505 1946 2795 2954 
5506 1963 1684 3037 
5507 997 2388 3033 
5508 2659 2098 3008 
5509 49 2303 3058 
5510 140 1079 3027 
5511 971 139 3027 
5512 1020 2293 2877 
5513 1099 2313 3041 
5514 2218 1741 3112 
5515 1888 2826 2915 
5516 2093 3002 3084 
5517 1763 2281 3116 
5518 1171 1198 2874 
5519 1551 2741 3087 
5520 2025 2781 2934 
5521 105 1085 3057 
5522 1966 2234 3082 
5523 1041 59 3153 
5524 976 230 2995 
5525 1235 2713 2917 
5526 2476 1074 3043 
5527 1640 1715 3036 
5528 2109 1716 3036 
5529 1886 1881 2952 
5530 1994 2006 3029 
5531 2181 3048 3149 
5532 2771 2006 2946 
5533 1880 1691 3040 
5534 1001 48 3058 
5535 1912 2763 2930 
5536 2160 982 2952 
5537 2512 1644 3159 
5538 1223 1224 3129 
5539 1130 1133 3052 
5540 1903 2077 2873 
5541 1041 2260 3056 
5542 1972 1959 3046 
5543 2741 2128 3087 
5544 1590 2378 3149 
5545 1146 1168 3088 
5546 2040 1055 3012 
5547 2630 1861 2875 
5548 1089 103 3140 
5549 2763 991 2930 
5550 1122 1125 3059 
5551 990 2535 3015 
5552 1665 1621 3087 
5553 1137 1140 3091 
5554 114 3 3068 
5555 3 115 3068 
5556 2482 2479 3164 
5557 1005 27 3079 
5558 2875 1235 2917 
5559 2 66 3069 
5560 65 2 3069 
5561 1211 1206 3054 
5562 1 17 3070 
5563 212 1 3070 
5564 4 164 3071 
5565 163 4 3071 
5566 2006 2771 3029 
5567 144 145 2879 
5568 133 134 2878 
5569 2272 2030 3077 
5570 2780 1858 3015 
5571 998 95 3114 
5572 1639 2391 2990 
5573 1127 1131 3102 
5574 1029 190 3128 
5575 1003 204 3104 
5576 1644 1606 3159 
5577 1785 2420 2880 
5578 1608 1632 3159 
5579 14 983 3041 
5580 2156 2153 2882 
5581 1859 2375 3063 
5582 315 1016 3042 
5583 1686 1993 3066 
5584 2008 2099 3093 
5585 2198 2197 3123 
5586 2714 2759 2979 
5587 2147 2007 3097 
5588 2824 2544 2900 
5589 2082 2226 3108 
5590 2346 2913 2958 
5591 2859 2073 2891 
5592 2537 1003 2902 
5593 1121 1123 3124 
5594 2047 2053 2883 
5595 1362 2648 2921 
5596 1958 1696 3144 
5597 2756 2009 2876 
5598 1781 2808 3023 
5599 1752 1734 2888 
5600 1705 1706 3072 
5601 1695 1970 3144 
5602 1044 2374 2909 
5603 2078 1009 2947 
5604 2795 1962 2994 
5605 2347 1044 2909 
5606 1862 1894 3147 
5607 2634 1080 3098 
5608 3030 2027 3122 
5609 1009 2021 3169 
5610 2246 2868 3166 
5611 2755 2079 3083 
5612 2003 2002 2884 
5613 2768 1705 2899 
5614 2391 2392 2990 
5615 2027 2450 3122 
5616 2167 988 2963 
5617 2152 2154 2957 
5618 2045 1058 3160 
5619 1077 2520 3076 
5620 1102 1100 3127 
5621 2299 2905 2928 
5622 2852 2423 2921 
5623 1030 195 2886 
5624 2917 2713 2939 
5625 2068 2067 3145 
5626 2221 2220 2985 
5627 2134 2944 3053 
5628 1098 1165 2959 
5629 994 2525 2889 
5630 2804 1880 3040 
5631 280 279 2887 
5632 972 2455 2964 
5633 2771 1090 3029 
5634 322 995 3047 
5635 2100 2758 2885 
5636 2311 2309 3130 
5637 2230 2721 3075 
5638 2249 2248 3038 
5639 2850 57 2936 
5640 2397 1785 3120 
5641 1665 2272 3014 
5642 1023 2339 3038 
5643 2788 2249 3038 
5644 2073 2075 2891 
5645 1326 2646 3099 
5646 2940 2514 3034 
5647 2863 2264 3065 
5648 1323 1326 2892 
5649 2879 979 2940 
5650 2473 2842 3051 
5651 1059 2571 2911 
5652 2189 2190 3120 
5653 1985 2106 3056 
5654 119 120 2893 
5655 223 222 2895 
5656 1830 2748 3170 
5657 1035 2206 2896 
5658 2333 2332 2899 
5659 1207 2777 2985 
5660 1040 2840 2904 
5661 2748 2321 3170 
5662 2828 2771 2946 
5663 110 1044 2898 
5664 2154 2885 3148 
5665 205 206 2897 
5666 1877 2245 3121 
5667 2077 1902 2894 
5668 1741 2587 3112 
5669 2376 1859 2981 
5670 2895 1006 3083 
5671 2699 1929 3139 
5672 2713 1241 2939 
5673 2260 2789 3056 
5674 2739 2249 3125 
5675 2504 2902 3096 
5676 2544 2543 2900 
5677 2294 2295 2904 
5678 1958 2380 3039 
5679 96 97 2901 
5680 2188 2976 3123 
5681 2840 2294 2904 
5682 1970 1969 2987 
5683 2630 2875 2917 
5684 2830 1980 3018 
5685 2596 2352 2902 
5686 1775 2762 3032 
5687 2069 2066 2903 
5688 972 2964 3152 
5689 2811 2347 2909 
5690 1368 1371 2905 
5691 1683 2364 2907 
5692 2087 2359 2924 
5693 2777 2223 2985 
5694 1769 2860 2937 
5695 2249 2787 3125 
5696 2235 1231 2971 
5697 2802 1942 3051 
5698 1295 1293 2906 
5699 977 2518 2908 
5700 2891 2075 2913 
5701 2844 1995 3043 
5702 985 2935 3030 
5703 2786 1970 2987 
5704 2864 2056 3160 
5705 2334 2732 2961 
5706 2277 2278 3158 
5707 2017 2376 2922 
5708 2115 2114 2916 
5709 2123 2076 3064 
5710 2138 1887 2911 
5711 1866 2889 2972 
5712 2119 2864 3160 
5713 2763 2096 2996 
5714 2781 1956 2934 
5715 1835 2561 3040 
5716 1239 1244 2992 
5717 2094 2093 3084 
5718 1712 2724 2912 
5719 1014 2000 2910 
5720 1979 1862 2914 
5721 2149 2904 3081 
5722 1526 2949 3133 
5723 2878 997 2932 
5724 1976 1991 3016 
5725 2422 2421 3050 
5726 1051 2161 2916 
5727 2090 1888 2915 
5728 2075 2123 2913 
5729 2759 1775 3100 
5730 2813 1051 3103 
5731 2911 2024 3117 
5732 2320 2788 2968 
5733 1955 2447 2919 
5734 2012 2634 3098 
5735 2253 2160 3074 
5736 1005 2442 3095 
5737 2248 1023 3038 
5738 2423 2422 2921 
5739 1249 1252 3073 
5740 1893 2630 2917 
5741 2684 2115 2918 
5742 2842 1899 3051 
5743 2236 2013 2920 
5744 2909 2374 3035 
5745 2062 2811 2909 
5746 2003 2884 2977 
5747 2816 2090 3007 
5748 1168 2925 3090 
5749 2396 2796 2949 
5750 236 968 2951 
5751 2903 2066 2943 
5752 2732 1873 2961 
5753 2164 1988 3111 
5754 2338 1036 2950 
5755 1978 2926 2998 
5756 2453 2863 3065 
5757 2954 1027 3022 
5758 1050 2754 3078 
5759 2195 2193 2924 
5760 2172 2866 3138 
5761 1021 2433 3168 
5762 2514 2511 3034 
5763 2505 2502 3099 
5764 15 320 3062 
5765 1254 1251 2923 
5766 3088 1983 3094 
5767 2040 2907 3162 
5768 2369 3088 3094 
5769 2158 2867 2890 
5770 2867 1886 2890 
5771 1160 1164 2925 
5772 2862 1996 3080 
5773 2022 2121 3045 
5774 1697 2874 3171 
5775 1085 2340 2931 
5776 1893 2917 2939 
5777 127 128 2927 
5778 3005 2023 3047 
5779 1083 2565 2929 
5780 2880 2189 3120 
5781 2953 2482 3164 
5782 2449 1555 2933 
5783 2902 2352 3096 
5784 1100 1098 2959 
5785 2004 2078 3107 
5786 2475 2130 3142 
5787 1896 1981 2932 
5788 2122 2745 3136 
5789 2132 2134 3053 
5790 2908 2518 2991 
5791 2796 2127 2949 
5792 985 238 2935 
5793 2488 2486 3017 
5794 2915 976 2995 
5795 2378 1877 3121 
5796 3085 1333 3165 
5797 2947 1009 3169 
5798 230 229 2995 
5799 57 58 2936 
5800 2904 2295 3081 
5801 2019 2018 3089 
5802 1241 1239 2992 
5803 1860 2747 3106 
5804 2099 2652 2938 
5805 2484 984 2942 
5806 1929 1799 2941 
5807 2066 2064 2943 
5808 1915 1973 2940 
5809 2718 1893 2939 
5810 2778 1912 2930 
5811 2474 2844 3043 
5812 1070 2406 2944 
5813 2931 2068 3145 
5814 1973 2879 2940 
5815 3035 1086 3150 
5816 1683 2907 3037 
5817 1894 2945 3147 
5818 2037 2036 3060 
5819 2141 3035 3150 
5820 2245 1877 3101 
5821 2338 2950 3137 
5822 2231 2152 2957 
5823 2413 2112 2951 
5824 2792 1089 3161 
5825 2916 2114 3103 
5826 2127 2126 2949 
5827 1909 1914 2948 
5828 2145 2149 3081 
5829 995 1975 2945 
5830 1878 2817 2988 
5831 982 2890 2952 
5832 2306 2307 2956 
5833 1657 1642 2955 
5834 2913 2123 2958 
5835 2762 1769 2937 
5836 2062 2909 3035 
5837 1955 2919 3010 
5838 2876 2009 3092 
5839 1260 2694 2953 
5840 2950 1987 3137 
5841 2222 2225 2959 
5842 2096 1946 2954 
5843 2322 1037 2960 
5844 1986 1987 2950 
5845 325 1056 3067 
5846 2964 2113 3152 
5847 2871 2022 3045 
5848 1168 2970 3088 
5849 1951 1953 2963 
5850 205 2897 3104 
5851 3034 2511 3113 
5852 2289 2288 3032 
5853 1051 2916 3103 
5854 2032 2676 3139 
5855 2335 2334 2961 
5856 2702 1717 2962 
5857 96 2901 3114 
5858 1775 3032 3100 
5859 2088 1913 2965 
5860 1140 2989 3091 
5861 1123 3001 3124 
5862 1867 2113 2964 
5863 1131 3000 3102 
5864 2091 2792 3161 
5865 3052 2147 3097 
5866 2132 3053 3142 
5867 1895 2277 3126 
5868 2673 1966 3082 
5869 1349 2782 3013 
5870 2016 2253 3074 
5871 279 278 2966 
5872 2281 1895 3134 
5873 2920 2012 3098 
5874 2363 2003 2977 
5875 2833 2141 2967 
5876 2752 1005 3095 
5877 1977 1983 2970 
5878 1944 1353 2972 
5879 2933 1555 3048 
5880 1693 1692 2975 
5881 2226 2083 2974 
5882 2263 1073 3065 
5883 2319 2321 2980 
5884 1864 2691 2973 
5885 2486 2829 3017 
5886 2187 2191 2976 
5887 1915 2940 3034 
5888 2530 1013 2978 
5889 2223 2221 2985 
5890 1231 2821 2971 
5891 2309 2956 3130 
5892 277 276 3022 
5893 2944 2406 3053 
5894 221 220 2983 
5895 2457 1878 2988 
5896 1365 2451 2986 
5897 2074 2828 2946 
5898 186 187 2984 
5899 1252 1253 3156 
5900 1950 2147 2989 
5901 2518 1077 2991 
5902 1981 2878 2932 
5903 1722 2823 3021 
5904 191 192 2993 
5905 2382 1993 3143 
5906 2107 2714 2979 
5907 2374 1086 3035 
5908 2085 2023 3005 
5909 2497 2839 3008 
5910 1751 1978 2998 
5911 276 275 2996 
5912 2564 1000 2999 
5913 1989 2164 3000 
5914 2367 2366 3001 
5915 2421 1043 3050 
5916 1974 2011 3021 
5917 2257 1085 3145 
5918 1894 2268 3005 
5919 2176 985 3030 
5920 2024 2780 3117 
5921 1095 2833 2967 
5922 39 1028 3002 
5923 1978 2144 3060 
5924 2322 2960 3170 
5925 2874 2092 3171 
5926 2297 2298 3172 
5927 2707 2863 2928 
5928 2006 2005 3055 
5929 2131 2089 3006 
5930 1962 2010 2994 
5931 193 194 3003 
5932 2375 1955 3010 
5933 2577 2576 3004 
5934 1271 1258 3009 
5935 229 228 3007 
5936 2282 1781 3023 
5937 1351 2659 3008 
5938 2511 2512 3113 
5939 3109 2910 3115 
5940 2787 2980 3125 
5941 2002 2001 3011 
5942 1034 2786 2987 
5943 2213 1018 3132 
5944 2298 2299 3172 
5945 2463 1349 3013 
5946 2525 2524 3167 
5947 1664 1665 3014 
5948 2847 1095 2967 
5949 2433 2434 3168 
5950 2131 3006 3028 
5951 2341 2342 3119 
5952 2780 2536 3117 
5953 2091 1958 3039 
5954 1032 2208 3063 
5955 2201 2976 3085 
5956 2700 1030 3089 
5957 2949 2126 3133 
5958 2794 1639 2990 
5959 1858 2626 3015 
5960 2982 1066 3055 
5961 2829 1809 3017 
5962 2502 2892 3099 
5963 2010 2966 2994 
5964 2360 1325 3061 
5965 2461 2462 3020 
5966 2446 2143 3019 
5967 1998 2602 3076 
5968 2821 1979 2971 
5969 2741 1526 3133 
5970 2822 1895 3126 
5971 2538 1369 3024 
5972 1059 2911 3117 
5973 1971 1972 3026 
5974 1361 1204 3031 
5975 2133 2131 3028 
5976 139 140 3027 
5977 2264 2263 3065 
5978 978 2871 3045 
5979 2097 3020 3132 
5980 3002 1028 3084 
5981 2128 2741 3133 
5982 2867 3118 3163 
5983 2886 2019 3089 
5984 2118 1994 3029 
5985 2388 2389 3033 
5986 2021 2313 3169 
5987 2018 2700 3089 
5988 1248 1249 3073 
5989 2133 3028 3049 
5990 2890 1886 2952 
5991 1877 1965 3101 
5992 1969 2861 2987 
5993 1684 1683 3037 
5994 2835 2122 3136 
5995 2380 1061 3039 
5996 2976 2201 3123 
5997 2999 1000 3086 
5998 2662 1915 3034 
5999 1716 1640 3036 
6000 2882 2231 3054 
6001 2130 2132 3142 
6002 2312 978 3045 
6003 1140 2369 3094 
6004 2141 2062 3035 
6005 2846 65 3069 
6006 2823 1974 3021 
6007 115 2847 3068 
6008 2848 163 3071 
6009 17 2849 3070 
6010 1691 1835 3040 
6011 2295 1223 3081 
6012 1895 2822 3134 
6013 2938 2422 3050 
6014 1980 2799 3018 
6015 191 2993 3128 
6016 1074 2474 3043 
6017 1016 2219 3042 
6018 983 1099 3041 
6019 1555 2412 3048 
6020 2135 2133 3049 
6021 2406 1008 3053 
6022 1959 2091 3046 
6023 2092 2086 3171 
6024 1131 1130 3052 
6025 1260 2480 3156 
6026 2561 2804 3040 
6027 1206 1205 3054 
6028 104 105 3057 
6029 48 49 3058 
6030 2149 1905 3062 
6031 2870 1963 3012 
6032 2227 2361 3146 
6033 1123 1122 3059 
6034 1253 1260 3156 
6035 2503 2504 3096 
6036 2925 2159 3090 
6037 2241 2055 3064 
6038 2228 2227 3141 
6039 2361 2020 3157 
6040 2288 2287 3100 
6041 2803 1333 3085 
6042 1073 2453 3065 
6043 2366 2228 3135 
6044 2191 2189 3154 
6045 2839 1351 3008 
6046 1974 2823 3025 
6047 2276 1856 3115 
6048 2955 1687 3151 
6049 2662 3034 3113 
6050 1988 2139 3111 
6051 2554 114 3068 
6052 66 1910 3069 
6053 1685 1686 3066 
6054 1911 212 3070 
6055 164 1096 3071 
6056 2372 972 3152 
6057 1028 2482 3084 
6058 3146 2361 3157 
6059 2747 1992 3106 
6060 2313 1984 3169 
6061 3053 1008 3142 
6062 3141 2227 3146 
6063 3048 2412 3149 
6064 2103 2102 3078 
6065 1881 2016 3074 
6066 3124 2366 3135 
6067 2030 2028 3077 
6068 1856 2284 3109 
6069 3157 2020 3163 
6070 2352 2805 3096 
6071 27 28 3079 
6072 2754 2103 3078 
6073 1993 2118 3143 
6074 104 3057 3140 
6075 2079 2080 3083 
6076 3118 1196 3163 
6077 2721 2081 3075 
6078 1687 2460 3138 
6079 1621 1551 3087 
6080 1899 2802 3051 
6081 1996 1997 3080 
6082 2369 1146 3088 
6083 2480 1260 3164 
6084 1706 1720 3072 
6085 2789 1985 3056 
6086 1000 2573 3086 
6087 2889 2525 2972 
6088 2007 2353 3097 
6089 1133 1137 3091 
6090 2279 2008 3093 
6091 2321 2322 3170 
6092 1080 2394 3098 
6093 1983 2617 3094 
6094 2116 2813 3103 
6095 2036 2926 3060 
6096 2305 2835 3136 
6097 2524 2855 3167 
6098 1125 1127 3102 
6099 3135 2228 3141 
6100 1765 1763 3116 
6101 2805 2503 3096 
6102 2337 2338 3137 
6103 1333 2906 3165 
6104 1224 1256 3129 
6105 204 205 3104 
6106 2114 2116 3103 
6107 2158 2251 3118 
6108 2880 1321 3154 
6109 982 5 3131 
6110 95 96 3114 
6111 2084 2082 3108 
6112 2536 1059 3117 
6113 2200 2201 3165 
6114 2191 2803 3085 
6115 1845 2840 3107 
6116 1632 2662 3113 
6117 2178 2176 3122 
6118 2894 1976 3016 
6119 2201 2198 3123 
6120 3059 2164 3111 
6121 190 191 3128 
6122 2865 2341 3119 
6123 1062 2382 3143 
6124 2176 3030 3122 
6125 1135 1121 3124 
6126 1105 1102 3127 
6127 2965 1241 2992 
6128 103 104 3140 
6129 1008 2475 3142 
6130 2126 2128 3133 
6131 2056 2045 3160 
6132 2941 2032 3139 
6133 2009 2768 3092 
6134 2080 2895 3083 
6135 59 60 3153 
6136 1135 3124 3135 
6137 2412 1590 3149 
6138 2820 1906 3067 
6139 1086 2554 3150 
6140 2479 2480 3164 
6141 1606 1608 3159 
6142 1696 1695 3144 
6143 1176 1846 3146 
6144 2039 2038 3162 
6145 2067 2257 3145 
6146 1176 3146 3157 
6147 1846 3141 3146 
6148 2903 2943 3155 
6149 2708 1176 3157 
6150 1196 2708 3163 
6151 2708 3157 3163 
6152 2764 1135 3135 
6153 1208 2757 3130 
6154 1731 2739 3125 
6155 1856 3109 3115 
6156 1910 2846 3069 
6157 2847 2554 3068 
6158 1096 2848 3071 
6159 2849 1911 3070 
6160 1846 2764 3141 
6161 1205 2882 3054 
6162 2113 2862 3152 
6163 1792 2736 3148 
6164 2937 2289 3032 
6165 2764 3135 3141 
6166 2910 2000 3115 
6167 2394 2920 3098 
6168 2259 3046 3161 
6169 1965 2812 3101 
6170 2840 2004 3107 
6171 1325 2869 3061 
6172 1987 2876 3137 
6173 2090 2915 2995 
6174 2278 2820 3158 
6175 3032 2288 3100 
6176 2020 2867 3163 
6177 2862 2372 3152 
6178 2997 1252 3156 
6179 2189 2880 3154 
6180 2088 2965 2992 
6181 2866 1687 3138 
6182 2849 1094 3105 
6183 2957 2154 3148 
6184 2956 1208 3130 
6185 2096 2954 3022 
6186 2867 2158 3118 
6187 2058 2865 3119 
6188 2762 2937 3032 
6189 1687 2866 3151 
6190 1030 2886 3089 
6191 2943 1065 3155 
6192 2602 2991 3076 
6193 3010 1032 3063 
6194 2855 1944 3167 
6195 995 2945 3047 
6196 2099 2938 3050 
6197 2868 2078 3166 
6198 2892 1326 3099 
6199 1785 2880 3120 
6200 2926 1978 3060 
6201 2970 1983 3088 
6202 2876 2337 3137 
6203 1085 2931 3145 
6204 2906 2200 3165 
6205 2980 1731 3125 
6206 2945 1975 3147 
6207 2989 2147 3091 
6208 2972 2525 3167 
6209 2011 2910 3109 
6210 1065 3026 3155 
6211 2969 2241 3064 
6212 2005 2982 3055 
6213 3049 1248 3073 
6214 2076 2969 3064 
6215 1944 2972 3167 
6216 1972 2903 3155 
6217 2907 2039 3162 
6218 3000 2164 3102 
6219 3001 2366 3124 
6220 1260 2953 3164 
6221 2375 3010 3063 
6222 2976 2191 3085 
6223 2991 1077 3076 
6224 2914 1862 3147 
6225 1992 3033 3106 
6226 1131 3052 3097 
6227 3020 2213 3132 
6228 1929 2941 3139 
6229 2967 2141 3150 
6230 2736 2957 3148 
6231 2135 3049 3073 
6232 2174 2955 3151 
6233 2078 2947 3166 
6234 1984 2947 3169 
6235 3033 2389 3106 
6236 1050 3078 3110 
6237 3078 2102 3110 
6238 2480 2997 3156 
6239 1123 3059 3111 
6240 2820 3067 3158 
6241 3026 1972 3155 
6242 3046 2091 3161 
6243 3067 1056 3158 
$EndElements
